timestamp,index,pattern,K,Sigma,engine,outcome,best_partial,minutes,worker_pid,word_file
2026-07-27T20:50:04,0,666646664666466466646664666,27,12,sat,TIMEOUT-KILLED,,33.0,28108,
2026-07-27T20:50:05,1,666646664664666466466646666,27,12,sat,TIMEOUT-KILLED,,33.0,8496,
2026-07-27T20:50:05,2,666646646664666466466646666,27,12,sat,TIMEOUT-KILLED,,33.0,27008,
2026-07-27T20:50:05,3,666646664664666466646646666,27,12,sat,TIMEOUT-KILLED,,33.0,25048,
2026-07-27T20:50:05,4,666466646664664666466646666,27,12,sat,TIMEOUT-KILLED,,33.0,16852,
2026-07-27T20:19:03,5,66466466646664664666466646666,29,14,sat,UNSAT,,1.96,26568,
2026-07-27T20:50:06,6,66466646646664666466466646666,29,14,sat,TIMEOUT-KILLED,,33.0,3604,
2026-07-27T20:50:06,7,66466646664664666466466646666,29,14,sat,TIMEOUT-KILLED,,33.0,23584,
2026-07-27T20:50:06,8,66466646664664666466646646666,29,14,sat,TIMEOUT-KILLED,,33.0,14240,
2026-07-27T20:50:07,9,66646646664664666466466646666,29,14,sat,TIMEOUT-KILLED,,33.0,28972,
2026-07-27T20:50:07,10,66646646664666466466646664666,29,14,sat,TIMEOUT-KILLED,,33.0,2060,
2026-07-27T20:50:07,11,66646664664666466466646646666,29,14,sat,TIMEOUT-KILLED,,33.0,14356,
2026-07-27T20:50:08,12,66646664664666466646646664666,29,14,sat,TIMEOUT-KILLED,,33.0,12664,
2026-07-27T20:50:08,13,66646664666466466646664664666,29,14,sat,TIMEOUT-KILLED,,33.0,12244,
2026-07-27T20:50:08,14,66664664666466466646646664666,29,14,sat,TIMEOUT-KILLED,,33.0,6620,
2026-07-27T20:50:08,15,66664664666466646646664666466,29,14,sat,TIMEOUT-KILLED,,33.0,25824,
2026-07-27T20:50:09,16,66664666446664664666466646666,29,14,sat,TIMEOUT-KILLED,,33.0,7044,
2026-07-27T20:50:09,17,66664666446664666466466646666,29,14,sat,TIMEOUT-KILLED,,33.0,20108,
2026-07-27T20:50:09,18,66664666466466644666466646666,29,14,sat,TIMEOUT-KILLED,,33.0,8480,
2026-07-27T20:50:09,19,66664666466466646646664664666,29,14,sat,TIMEOUT-KILLED,,33.0,12756,
2026-07-27T20:50:10,20,66664666466466646646664666466,29,14,sat,TIMEOUT-KILLED,,33.0,12992,
2026-07-27T20:50:10,21,66664666466466646664466646666,29,14,sat,TIMEOUT-KILLED,,33.0,22928,
2026-07-27T20:50:10,22,66664666466466646664664666466,29,14,sat,TIMEOUT-KILLED,,33.0,1752,
2026-07-27T20:50:10,23,66664666466644666466466646666,29,14,sat,TIMEOUT-KILLED,,33.0,5780,
2026-07-27T20:50:11,24,66664666466646646664466646666,29,14,sat,TIMEOUT-KILLED,,33.0,17176,
2026-07-27T20:19:02,25,66664666466646646664666466466,29,14,sat,UNSAT,,1.85,24048,
2026-07-27T20:17:18,26,566466466646664664666466646666,30,15,sat,UNSAT,,0.11,4824,
2026-07-27T20:50:18,27,566466646646664666466466646666,30,15,sat,TIMEOUT-KILLED,,33.0,4824,
2026-07-27T20:52:02,28,566466646664664666466646646666,30,15,sat,TIMEOUT-KILLED,,33.0,24048,
2026-07-27T20:52:03,29,566646646664664666466466646666,30,15,sat,TIMEOUT-KILLED,,33.0,26568,
2026-07-27T21:23:05,30,566646646664666466466646664666,30,15,sat,TIMEOUT-KILLED,,33.0,8496,
2026-07-27T21:23:05,31,566646664664666466466646646666,30,15,sat,TIMEOUT-KILLED,,33.0,28108,
2026-07-27T21:23:05,32,566646664664666466646646664666,30,15,sat,TIMEOUT-KILLED,,33.0,27008,
2026-07-27T20:50:09,33,566646664666466466646664664666,30,15,sat,UNSAT,,0.07,25048,
2026-07-27T21:23:06,34,666466466646663664666466646666,30,15,sat,TIMEOUT-KILLED,,33.0,16852,
2026-07-27T20:50:10,35,666466466646664664666466646665,30,15,sat,UNSAT,,0.06,3604,
2026-07-27T21:23:07,36,666466646646664664666466636666,30,15,sat,TIMEOUT-KILLED,,33.0,23584,
2026-07-27T21:23:07,37,666466646646664666366466646666,30,15,sat,TIMEOUT-KILLED,,33.0,14240,
2026-07-27T21:23:07,38,666466646646664666466466646665,30,15,sat,TIMEOUT-KILLED,,33.0,28972,
2026-07-27T21:23:07,39,666466646663664664666466646666,30,15,sat,TIMEOUT-KILLED,,33.0,2060,
2026-07-27T21:23:08,40,666466646663664666466646646666,30,15,sat,TIMEOUT-KILLED,,33.0,14356,
2026-07-27T21:23:08,41,666466646664663666466646646666,30,15,sat,TIMEOUT-KILLED,,33.0,12664,
2026-07-27T21:23:08,42,666466646664664666466646646665,30,15,sat,TIMEOUT-KILLED,,33.0,12244,
2026-07-27T20:50:10,43,666636466646664664666466646666,30,15,sat,UNSAT,,0.03,6620,
2026-07-27T21:23:08,44,666636646646664666466466646666,30,15,sat,TIMEOUT-KILLED,,33.0,25824,
2026-07-27T21:23:09,45,666636646664664666466466646666,30,15,sat,TIMEOUT-KILLED,,33.0,7044,
2026-07-27T21:23:09,46,666636646664664666466646646666,30,15,sat,TIMEOUT-KILLED,,33.0,20108,
2026-07-27T21:23:09,47,666636664666466466646646664666,30,15,sat,TIMEOUT-KILLED,,33.0,8480,
2026-07-27T21:23:10,48,666646636664666466466646646666,30,15,sat,TIMEOUT-KILLED,,33.0,12756,
2026-07-27T21:23:10,49,666646646664664666466466646665,30,15,sat,TIMEOUT-KILLED,,33.0,25048,
2026-07-27T21:23:10,50,666646646664664666466636646666,30,15,sat,TIMEOUT-KILLED,,33.0,12992,
2026-07-27T21:23:10,51,666646646664666366466466646666,30,15,sat,TIMEOUT-KILLED,,33.0,3604,
2026-07-27T21:23:10,52,666646646664666366466646664666,30,15,sat,TIMEOUT-KILLED,,33.0,22928,
2026-07-27T21:23:10,53,666646646664666466366646664666,30,15,sat,TIMEOUT-KILLED,,33.0,6620,
2026-07-27T21:23:10,54,666646646664666466466366646666,30,15,sat,TIMEOUT-KILLED,,33.0,1752,
2026-07-27T21:23:11,55,666646646664666466466646636666,30,15,sat,TIMEOUT-KILLED,,33.0,5780,
2026-07-27T21:23:11,56,666646646664666466466646664665,30,15,sat,TIMEOUT-KILLED,,33.0,17176,
2026-07-27T21:23:19,57,666646663646664666466466646666,30,15,sat,TIMEOUT-KILLED,,33.0,4824,
2026-07-27T21:25:02,58,666646663664664666466466646666,30,15,sat,TIMEOUT-KILLED,,33.0,24048,
2026-07-27T21:25:03,59,666646663664664666466646646666,30,15,sat,TIMEOUT-KILLED,,33.0,26568,
2026-07-27T21:56:05,60,666646664663666466646646664666,30,15,sat,TIMEOUT-KILLED,,33.0,8496,
2026-07-27T21:56:05,61,666646664664663666466646646666,30,15,sat,TIMEOUT-KILLED,,33.0,28108,
2026-07-27T21:56:05,62,666646664664666466466366646666,30,15,sat,TIMEOUT-KILLED,,33.0,27008,
2026-07-27T21:56:06,63,666646664664666466466646636666,30,15,sat,TIMEOUT-KILLED,,33.0,16852,
2026-07-27T21:56:07,64,666646664664666466466646646665,30,15,sat,TIMEOUT-KILLED,,33.0,23584,
2026-07-27T21:56:07,65,666646664664666466646366646666,30,15,sat,TIMEOUT-KILLED,,33.0,14240,
2026-07-27T21:56:07,66,666646664664666466646646636666,30,15,sat,TIMEOUT-KILLED,,33.0,28972,
2026-07-27T21:56:07,67,666646664664666466646646664665,30,15,sat,TIMEOUT-KILLED,,33.0,2060,
2026-07-27T21:56:08,68,666646664666463664666466646666,30,15,sat,TIMEOUT-KILLED,,33.0,14356,
2026-07-27T21:56:08,69,666646664666466364666466646666,30,15,sat,TIMEOUT-KILLED,,33.0,12664,
2026-07-27T21:56:08,70,666646664666466366646664664666,30,15,sat,TIMEOUT-KILLED,,33.0,12244,
2026-07-27T21:56:09,71,666646664666466466366646664666,30,15,sat,TIMEOUT-KILLED,,33.0,25824,
2026-07-27T21:23:10,72,666646664666466466646664636666,30,15,sat,UNSAT,,0.02,7044,
2026-07-27T21:23:18,73,666646664666466466646664664665,30,15,sat,UNSAT,,0.14,20108,
2026-07-27T21:23:12,74,4666466466646664664666466646666,31,16,sat,UNSAT,,0.04,8480,
2026-07-27T21:56:10,75,4666466646646664666466466646666,31,16,sat,TIMEOUT-KILLED,,33.0,12756,
2026-07-27T21:23:16,76,4666466646664664666466646646666,31,16,sat,UNSAT,,0.1,25048,
2026-07-27T21:56:10,77,5666466466646663664666466646666,31,16,sat,TIMEOUT-KILLED,,33.0,12992,
2026-07-27T21:23:13,78,5666466466646664664666466646665,31,16,sat,UNSAT,,0.05,22928,
2026-07-27T21:25:27,79,5666466646646664666466466646665,31,16,sat,UNSAT,,2.28,3604,
2026-07-27T21:56:10,80,5666466646664663666466646646666,31,16,sat,TIMEOUT-KILLED,,33.0,6620,
2026-07-27T21:23:13,81,5666466646664664666466646646665,31,16,sat,UNSAT,,0.05,7044,
2026-07-27T21:23:12,82,6466466466646664664666466646666,31,16,sat,UNSAT,,0.02,1752,
2026-07-27T21:56:11,83,6466466646664664666466646646666,31,16,sat,TIMEOUT-KILLED,,33.0,5780,
2026-07-27T21:24:17,84,6466646646664664666466466646666,31,16,sat,UNSAT,,1.11,17176,
2026-07-27T21:52:37,85,6466646646664666466466646664666,31,16,sat,UNSAT,,29.42,8480,
2026-07-27T21:56:12,86,6466646664664666466646646664666,31,16,sat,TIMEOUT-KILLED,,33.0,1752,
2026-07-27T21:56:13,87,6646646646664666466466646664666,31,16,sat,TIMEOUT-KILLED,,33.0,7044,
2026-07-27T21:56:14,88,6646646664664666466466646646666,31,16,sat,TIMEOUT-KILLED,,33.0,22928,
2026-07-27T21:33:00,89,6646646664666466466646664664666,31,16,sat,UNSAT,,9.73,25048,
2026-07-27T21:56:18,90,6646664664666466466646646664666,31,16,sat,TIMEOUT-KILLED,,33.0,20108,
2026-07-27T21:56:19,91,6646664664666466646646664666466,31,16,sat,TIMEOUT-KILLED,,33.0,4824,
2026-07-27T21:57:18,92,6646664666446664664666466646666,31,16,sat,TIMEOUT-KILLED,,33.0,17176,
2026-07-27T21:58:02,93,6646664666466466644666466646666,31,16,sat,TIMEOUT-KILLED,,33.0,24048,
2026-07-27T21:58:04,94,6646664666466466646646664666466,31,16,sat,TIMEOUT-KILLED,,33.0,26568,
2026-07-27T21:58:27,95,6646664666466466646664664666466,31,16,sat,TIMEOUT-KILLED,,33.0,3604,
2026-07-27T22:06:00,96,6646664666466644666466466646666,31,16,sat,TIMEOUT-KILLED,,33.0,25048,
2026-07-27T22:25:37,97,6664466466646664664666466646666,31,16,sat,TIMEOUT-KILLED,,33.0,8480,
2026-07-27T21:56:07,98,6664466646646664666466466646666,31,16,sat,UNSAT,,0.03,8496,
2026-07-27T22:29:05,99,6664664666446664664666466646666,31,16,sat,TIMEOUT-KILLED,,33.0,28108,
2026-07-27T22:29:06,100,6664664666446664666466466646666,31,16,sat,TIMEOUT-KILLED,,33.0,27008,
2026-07-27T22:29:06,101,6664664666466466644666466646666,31,16,sat,TIMEOUT-KILLED,,33.0,16852,
2026-07-27T22:29:07,102,6664664666466466646646664664666,31,16,sat,TIMEOUT-KILLED,,33.0,23584,
2026-07-27T22:01:43,103,6664664666466466646664466646666,31,16,sat,UNSAT,,5.6,8496,
2026-07-27T22:29:07,104,6664664666466644666466466646666,31,16,sat,TIMEOUT-KILLED,,33.0,14240,
2026-07-27T22:29:07,105,6664664666466646646664466646666,31,16,sat,TIMEOUT-KILLED,,33.0,28972,
2026-07-27T22:07:41,106,6664664666466646646664666466466,31,16,sat,UNSAT,,11.55,2060,
2026-07-27T22:29:08,107,6664666446664664666466466646666,31,16,sat,TIMEOUT-KILLED,,33.0,14356,
2026-07-27T22:29:08,108,6664666446664664666466646646666,31,16,sat,TIMEOUT-KILLED,,33.0,12664,
2026-07-27T22:07:31,109,6664666446664666466466646646666,31,16,sat,UNSAT,,11.38,12244,
2026-07-27T22:29:09,110,6664666466466644666466646646666,31,16,sat,TIMEOUT-KILLED,,33.0,25824,
2026-07-27T22:29:10,111,6664666466466646646664466646666,31,16,sat,TIMEOUT-KILLED,,33.0,12756,
2026-07-27T22:29:10,112,6664666466466646646664664666466,31,16,sat,TIMEOUT-KILLED,,33.0,12992,
2026-07-27T22:29:11,113,6664666466466646663666366646666,31,16,sat,TIMEOUT-KILLED,,33.0,6620,
2026-07-27T22:29:11,114,6664666466466646664466646646666,31,16,sat,TIMEOUT-KILLED,,33.0,5780,
2026-07-27T22:29:13,115,6664666466466646664664666446666,31,16,sat,TIMEOUT-KILLED,,33.0,1752,
2026-07-27T22:29:14,116,6664666466466646664664666466646,31,16,sat,TIMEOUT-KILLED,,33.0,7044,
2026-07-27T22:29:14,117,6664666466626664664666466646666,31,16,sat,TIMEOUT-KILLED,,33.0,22928,
2026-07-27T22:29:18,118,6664666466636663664666466646666,31,16,sat,TIMEOUT-KILLED,,33.0,20108,
2026-07-27T22:29:19,119,6664666466636663666466646646666,31,16,sat,TIMEOUT-KILLED,,33.0,4824,
2026-07-27T22:30:18,120,6664666466644666466466646646666,31,16,sat,TIMEOUT-KILLED,,33.0,17176,
2026-07-27T22:31:02,121,6664666466644666466466646664666,31,16,sat,TIMEOUT-KILLED,,33.0,24048,
2026-07-27T22:31:04,122,6664666466646644664666466646666,31,16,sat,TIMEOUT-KILLED,,33.0,26568,
2026-07-27T22:31:27,123,6664666466646646662666466646666,31,16,sat,TIMEOUT-KILLED,,33.0,3604,
2026-07-27T22:34:43,124,6664666466646646664466646664666,31,16,sat,TIMEOUT-KILLED,,33.0,8496,
2026-07-27T22:39:00,125,6664666466646646664666466446666,31,16,sat,TIMEOUT-KILLED,,33.0,25048,
2026-07-27T22:40:32,126,6664666466646646664666466466466,31,16,sat,TIMEOUT-KILLED,,33.0,12244,
2026-07-27T22:37:34,127,6664666466646646664666466466646,31,16,sat,UNSAT,,29.89,2060,
2026-07-27T22:58:38,128,6664666466646662666466466646666,31,16,sat,TIMEOUT-KILLED,,33.0,8480,
2026-07-27T23:02:06,129,6666266646646664666466466646666,31,16,sat,TIMEOUT-KILLED,,33.0,28108,
2026-07-27T23:02:06,130,6666366466646663664666466646666,31,16,sat,TIMEOUT-KILLED,,33.0,27008,
2026-07-27T22:42:59,131,6666366636646664664666466646666,31,16,sat,UNSAT,,13.89,16852,
2026-07-27T23:02:07,132,6666366636664666466466646646666,31,16,sat,TIMEOUT-KILLED,,33.0,23584,
2026-07-27T23:02:07,133,6666366646664663666466646646666,31,16,sat,TIMEOUT-KILLED,,33.0,14240,
2026-07-27T22:58:52,134,6666446466646664664666466646666,31,16,sat,UNSAT,,29.74,28972,
2026-07-27T22:29:35,135,6666446646646664666466466646666,31,16,sat,UNSAT,,0.45,14356,
2026-07-27T23:02:09,136,6666446646664664666466466646666,31,16,sat,TIMEOUT-KILLED,,33.0,12664,
2026-07-27T23:02:09,137,6666446646664666466466646664666,31,16,sat,TIMEOUT-KILLED,,33.0,25824,
2026-07-27T23:02:10,138,6666446664664666466466646646666,31,16,sat,TIMEOUT-KILLED,,33.0,12756,
2026-07-27T23:02:10,139,6666446664664666466646646664666,31,16,sat,TIMEOUT-KILLED,,33.0,12992,
2026-07-27T23:02:11,140,6666466266646664664666466646666,31,16,sat,TIMEOUT-KILLED,,33.0,6620,
2026-07-27T22:32:06,141,6666466266646664666466466646666,31,16,sat,UNSAT,,2.92,5780,
2026-07-27T23:02:13,142,6666466466626664664666466646666,31,16,sat,TIMEOUT-KILLED,,33.0,1752,
2026-07-27T23:02:14,143,6666466466626664666466646646666,31,16,sat,TIMEOUT-KILLED,,33.0,7044,
2026-07-27T23:02:14,144,6666466466644666466646646664666,31,16,sat,TIMEOUT-KILLED,,33.0,22928,
2026-07-27T23:02:19,145,6666466466646646662666466646666,31,16,sat,TIMEOUT-KILLED,,33.0,20108,
2026-07-27T23:02:20,146,6666466466646646664466646664666,31,16,sat,TIMEOUT-KILLED,,33.0,4824,
2026-07-27T23:02:36,147,6666466466646646664664666446666,31,16,sat,TIMEOUT-KILLED,,33.0,14356,
2026-07-27T23:03:19,148,6666466466646646664664666466466,31,16,sat,TIMEOUT-KILLED,,33.0,17176,
2026-07-27T23:04:03,149,6666466466646646664666366636666,31,16,sat,TIMEOUT-KILLED,,33.0,24048,
2026-07-27T22:44:28,150,6666466466646646664666446664666,31,16,sat,UNSAT,,13.39,26568,
2026-07-27T23:04:28,151,6666466466646663664666466636666,31,16,sat,TIMEOUT-KILLED,,33.0,3604,
2026-07-27T23:05:07,152,6666466466646663664666466646665,31,16,sat,TIMEOUT-KILLED,,33.0,5780,
2026-07-27T23:07:44,153,6666466466646663666366466646666,31,16,sat,TIMEOUT-KILLED,,33.0,8496,
2026-07-27T23:10:35,154,6666466466646663666366646664666,31,16,sat,TIMEOUT-KILLED,,33.0,2060,
2026-07-27T23:12:00,155,6666466466646664466646646664666,31,16,sat,TIMEOUT-KILLED,,33.0,25048,
2026-07-27T23:13:32,156,6666466466646664663666366646666,31,16,sat,TIMEOUT-KILLED,,33.0,12244,
2026-07-27T23:16:00,157,6666466466646664664666266646666,31,16,sat,TIMEOUT-KILLED,,33.0,16852,
2026-07-27T23:17:28,158,6666466466646664664666446664666,31,16,sat,TIMEOUT-KILLED,,33.0,26568,
2026-07-27T23:31:38,159,6666466466646664664666466646646,31,16,sat,TIMEOUT-KILLED,,33.0,8480,
2026-07-27T22:59:00,160,6666466466646664664666466646664,31,16,sat,UNSAT,,0.14,28972,
2026-07-27T23:32:01,161,6666466466646664666266646646666,31,16,sat,TIMEOUT-KILLED,,33.0,28972,
2026-07-27T23:35:06,162,6666466626664664666466466646666,31,16,sat,TIMEOUT-KILLED,,33.0,28108,
2026-07-27T23:35:06,163,6666466626664664666466646646666,31,16,sat,TIMEOUT-KILLED,,33.0,27008,
2026-07-27T23:35:08,164,6666466636646663664666466646666,31,16,sat,TIMEOUT-KILLED,,33.0,23584,
2026-07-27T23:35:08,165,6666466636646664666366466646666,31,16,sat,TIMEOUT-KILLED,,33.0,14240,
2026-07-27T23:35:09,166,6666466636646664666466366646666,31,16,sat,TIMEOUT-KILLED,,33.0,12664,
2026-07-27T23:35:09,167,6666466636663664664666466646666,31,16,sat,TIMEOUT-KILLED,,33.0,25824,
2026-07-27T23:35:11,168,6666466636663664666466466646666,31,16,sat,TIMEOUT-KILLED,,33.0,12756,
2026-07-27T23:35:11,169,6666466636663664666466646646666,31,16,sat,TIMEOUT-KILLED,,33.0,12992,
2026-07-27T23:35:11,170,6666466636663666466646646664666,31,16,sat,TIMEOUT-KILLED,,33.0,6620,
2026-07-27T23:35:13,171,6666466644646664666466466646666,31,16,sat,TIMEOUT-KILLED,,33.0,1752,
2026-07-27T23:35:14,172,6666466644666466466646646664666,31,16,sat,TIMEOUT-KILLED,,33.0,7044,
2026-07-27T23:35:14,173,6666466644666466466646664664666,31,16,sat,TIMEOUT-KILLED,,33.0,22928,
2026-07-27T23:08:13,174,6666466644666466646646664664666,31,16,sat,UNSAT,,5.9,20108,
2026-07-27T23:30:28,175,6666466644666466646664466646666,31,16,sat,UNSAT,,28.13,4824,
2026-07-27T23:35:36,176,6666466646636663666466646646666,31,16,sat,TIMEOUT-KILLED,,33.0,14356,
2026-07-27T23:36:19,177,6666466646636664666466366646666,31,16,sat,TIMEOUT-KILLED,,33.0,17176,
2026-07-27T23:37:03,178,6666466646644664664666466646666,31,16,sat,TIMEOUT-KILLED,,33.0,24048,
2026-07-27T23:37:28,179,6666466646646644664666466646666,31,16,sat,TIMEOUT-KILLED,,33.0,3604,
2026-07-27T23:38:07,180,6666466646646662664666466646666,31,16,sat,TIMEOUT-KILLED,,33.0,5780,
2026-07-27T23:40:45,181,6666466646646662666466466646666,31,16,sat,TIMEOUT-KILLED,,33.0,8496,
2026-07-27T23:41:13,182,6666466646646662666466646664666,31,16,sat,TIMEOUT-KILLED,,33.0,20108,
2026-07-27T23:43:35,183,6666466646646664466646664664666,31,16,sat,TIMEOUT-KILLED,,33.0,2060,
2026-07-27T23:45:00,184,6666466646646664466646664666466,31,16,sat,TIMEOUT-KILLED,,33.0,25048,
2026-07-27T23:46:32,185,6666466646646664663666366646666,31,16,sat,TIMEOUT-KILLED,,33.0,12244,
2026-07-27T23:49:00,186,6666466646646664664666266646666,31,16,sat,TIMEOUT-KILLED,,33.0,16852,
2026-07-27T23:50:28,187,6666466646646664664666446664666,31,16,sat,TIMEOUT-KILLED,,33.0,26568,
2026-07-28T00:03:28,188,6666466646646664664666466446666,31,16,sat,TIMEOUT-KILLED,,33.0,4824,
2026-07-27T23:32:47,189,6666466646646664664666466466646,31,16,sat,UNSAT,,1.15,8480,
2026-07-28T00:05:01,190,6666466646646664666446664664666,31,16,sat,TIMEOUT-KILLED,,33.0,28972,
2026-07-28T00:05:48,191,6666466646646664666464466646666,31,16,sat,TIMEOUT-KILLED,,33.0,8480,
2026-07-27T23:35:33,192,6666466646646664666466466446666,31,16,sat,UNSAT,,0.45,28108,
2026-07-28T00:08:06,193,6666466646646664666466466626666,31,16,sat,TIMEOUT-KILLED,,33.0,27008,
2026-07-27T23:35:09,194,6666466646646664666466466644666,31,16,sat,UNSAT,,0.02,23584,
2026-07-28T00:08:08,195,6666466646646664666466466646664,31,16,sat,TIMEOUT-KILLED,,33.0,14240,
2026-07-27T23:37:47,196,6666466646646664666466626646666,31,16,sat,UNSAT,,2.64,12664,
2026-07-28T00:08:09,197,6666466646662666466466646646666,31,16,sat,TIMEOUT-KILLED,,33.0,23584,
2026-07-28T00:08:10,198,6666466646662666466466646664666,31,16,sat,TIMEOUT-KILLED,,33.0,25824,
2026-07-28T00:08:11,199,6666466646664466646646664664666,31,16,sat,TIMEOUT-KILLED,,33.0,12756,
2026-07-28T00:08:11,200,6666466646664466646646664666466,31,16,sat,TIMEOUT-KILLED,,33.0,12992,
2026-07-28T00:07:21,201,6666466646664644664666466646666,31,16,sat,UNSAT,,32.17,6620,
2026-07-28T00:08:14,202,6666466646664662664666466646666,31,16,sat,TIMEOUT-KILLED,,33.0,1752,
2026-07-28T00:08:14,203,6666466646664662666466466646666,31,16,sat,TIMEOUT-KILLED,,33.0,7044,
2026-07-28T00:08:14,204,6666466646664663666366646664666,31,16,sat,TIMEOUT-KILLED,,33.0,22928,
2026-07-28T00:08:33,205,6666466646664663666466366646666,31,16,sat,TIMEOUT-KILLED,,33.0,28108,
2026-07-28T00:08:36,206,6666466646664663666466646636666,31,16,sat,TIMEOUT-KILLED,,33.0,14356,
2026-07-28T00:09:19,207,6666466646664663666466646646665,31,16,sat,TIMEOUT-KILLED,,33.0,17176,
2026-07-28T00:07:41,208,6666466646664664464666466646666,31,16,sat,UNSAT,,30.63,24048,
2026-07-28T00:10:28,209,6666466646664664466466466646666,31,16,sat,TIMEOUT-KILLED,,33.0,3604,
2026-07-28T00:10:48,210,6666466646664664466466646664666,31,16,sat,TIMEOUT-KILLED,,33.0,12664,
2026-07-28T00:11:07,211,6666466646664664663666366646666,31,16,sat,TIMEOUT-KILLED,,33.0,5780,
2026-07-28T00:13:45,212,6666466646664664664466466646666,31,16,sat,TIMEOUT-KILLED,,33.0,8496,
2026-07-28T00:14:13,213,6666466646664664666266646646666,31,16,sat,TIMEOUT-KILLED,,33.0,20108,
2026-07-28T00:16:35,214,6666466646664664666266646664666,31,16,sat,TIMEOUT-KILLED,,33.0,2060,
2026-07-28T00:18:01,215,6666466646664664666446664664666,31,16,sat,TIMEOUT-KILLED,,33.0,25048,
2026-07-28T00:19:32,216,6666466646664664666446664666466,31,16,sat,TIMEOUT-KILLED,,33.0,12244,
2026-07-28T00:03:20,217,6666466646664664666466366636666,31,16,sat,UNSAT,,14.33,16852,
2026-07-28T00:23:28,218,6666466646664664666466626646666,31,16,sat,TIMEOUT-KILLED,,33.0,26568,
2026-07-28T00:14:41,219,6666466646664664666466646446666,31,16,sat,UNSAT,,11.35,16852,
2026-07-28T00:26:08,220,6666466646664664666466646644666,31,16,sat,UNSAT,,22.66,4824,
2026-07-28T00:05:02,221,6666466646664664666466646646646,31,16,sat,UNSAT,,0.02,28972,
2026-07-28T00:05:05,222,6666466646664664666466646646664,31,16,sat,UNSAT,,0.04,28972,
