index,pattern,K,Sigma,verdict,nodes,maxdepth,seconds
5,66466466646664664666466646666,29,14,UNSAT,60037516,79,111
6,66466646646664666466466646666,29,14,TIMEOUT,1005881344,77,1800
7,66466646664664666466466646666,29,14,TIMEOUT,985511936,77,1800
8,66466646664664666466646646666,29,14,TIMEOUT,766957568,83,1800
9,66646646664664666466466646666,29,14,TIMEOUT,1030154240,77,1800
11,66646664664666466466646646666,29,14,TIMEOUT,1037496320,77,1800
10,66646646664666466466646664666,29,14,TIMEOUT,1060442112,86,1800
12,66646664664666466646646664666,29,14,TIMEOUT,1027764224,76,1800
13,66646664666466466646664664666,29,14,TIMEOUT,1049632768,86,1800
14,66664664666466466646646664666,29,14,TIMEOUT,1044727808,78,1800
16,66664666446664664666466646666,29,14,TIMEOUT,816103424,87,1800
15,66664664666466646646664666466,29,14,TIMEOUT,1048315904,83,1800
17,66664666446664666466466646666,29,14,TIMEOUT,1071032320,87,1800
19,66664666466466646646664664666,29,14,TIMEOUT,1039065088,80,1800
20,66664666466466646646664666466,29,14,TIMEOUT,1028118528,83,1800
18,66664666466466644666466646666,29,14,TIMEOUT,1069264896,85,1800
21,66664666466466646664466646666,29,14,TIMEOUT,1070964736,89,1800
25,66664666466646646664666466466,29,14,UNSAT,199733787,78,352
26,566466466646664664666466646666,30,15,UNSAT,8548527,71,15
23,66664666466644666466466646666,29,14,TIMEOUT,1062209536,80,1800
22,66664666466466646664664666466,29,14,TIMEOUT,1031991296,77,1800
24,66664666466646646664466646666,29,14,TIMEOUT,1096065024,89,1800
27,566466646646664666466466646666,30,15,TIMEOUT,1015916544,74,1800
29,566646646664664666466466646666,30,15,TIMEOUT,1019453440,78,1801
28,566466646664664666466646646666,30,15,TIMEOUT,1047404544,82,1801
30,566646646664666466466646664666,30,15,TIMEOUT,1054003200,83,1801
33,566646664666466466646664664666,30,15,UNSAT,1,0,0
34,666466466646663664666466646666,30,15,UNSAT,1,0,0
35,666466466646664664666466646665,30,15,UNSAT,1,0,0
37,666466646646664666366466646666,30,15,UNSAT,1,0,0
31,566646664664666466466646646666,30,15,TIMEOUT,1063458816,83,1800
32,566646664664666466646646664666,30,15,TIMEOUT,1010290688,75,1800
36,666466646646664664666466636666,30,15,TIMEOUT,778240000,80,1800
41,666466646664663666466646646666,30,15,UNSAT,1,0,0
38,666466646646664666466466646665,30,15,TIMEOUT,1022306304,83,1800
43,666636466646664664666466646666,30,15,UNSAT,4,3,0
39,666466646663664664666466646666,30,15,TIMEOUT,1016899584,82,1800
40,666466646663664666466646646666,30,15,TIMEOUT,249034752,77,600
42,666466646664664666466646646665,30,15,TIMEOUT,342403072,82,600
44,666636646646664666466466646666,30,15,TIMEOUT,334077952,82,600
45,666636646664664666466466646666,30,15,TIMEOUT,337694720,79,600
47,666636664666466466646646664666,30,15,TIMEOUT,343048192,76,600
51,666646646664666366466466646666,30,15,TIMEOUT,264452096,77,600
49,666646646664664666466466646665,30,15,TIMEOUT,337541120,76,600
53,666646646664666466366646664666,30,15,TIMEOUT,337375232,72,600
58,666646663664664666466466646666,30,15,TIMEOUT,353503232,86,600
56,666646646664666466466646664665,30,15,TIMEOUT,352786432,82,600
54,666646646664666466466366646666,30,15,TIMEOUT,347994112,83,600
59,666646663664664666466646646666,30,15,TIMEOUT,345255936,76,600
63,666646664664666466466646636666,30,15,TIMEOUT,260272128,78,600
62,666646664664666466466366646666,30,15,TIMEOUT,349321216,76,600
61,666646664664663666466646646666,30,15,TIMEOUT,350965760,80,600
64,666646664664666466466646646665,30,15,TIMEOUT,345057280,77,600
67,666646664664666466646646664665,30,15,TIMEOUT,342665216,78,600
66,666646664664666466646646636666,30,15,TIMEOUT,349628416,76,600
68,666646664666463664666466646666,30,15,TIMEOUT,348217344,78,600
69,666646664666466364666466646666,30,15,TIMEOUT,341575680,82,600
75,4666466646646664666466466646666,31,16,TIMEOUT,339855360,75,600
71,666646664666466466366646664666,30,15,TIMEOUT,328183808,75,600
86,6466646664664666466646646664666,31,16,TIMEOUT,343418880,74,600
83,6466466646664664666466646646666,31,16,TIMEOUT,344471552,74,600
88,6646646664664666466466646646666,31,16,TIMEOUT,242804736,69,600
91,6646664664666466646646664666466,31,16,TIMEOUT,342136832,70,600
90,6646664664666466466646646664666,31,16,TIMEOUT,340131840,75,600
92,6646664666446664664666466646666,31,16,TIMEOUT,260978688,81,600
97,6664466466646664664666466646666,31,16,TIMEOUT,346441728,79,600
100,6664664666446664666466466646666,31,16,TIMEOUT,265445376,77,600
94,6646664666466466646646664666466,31,16,TIMEOUT,255748096,78,600
95,6646664666466466646664664666466,31,16,TIMEOUT,344813568,75,600
101,6664664666466466644666466646666,31,16,TIMEOUT,267247616,80,600
102,6664664666466466646646664664666,31,16,TIMEOUT,330432512,81,600
104,6664664666466644666466466646666,31,16,TIMEOUT,351154176,80,600
105,6664664666466646646664466646666,31,16,TIMEOUT,257529856,78,600
110,6664666466466644666466646646666,31,16,TIMEOUT,357601280,77,600
108,6664666446664664666466646646666,31,16,TIMEOUT,354519040,85,600
107,6664666446664664666466466646666,31,16,TIMEOUT,267227136,76,600
111,6664666466466646646664466646666,31,16,TIMEOUT,353779712,79,600
112,6664666466466646646664664666466,31,16,TIMEOUT,252301312,73,600
114,6664666466466646664466646646666,31,16,TIMEOUT,351139840,79,600
115,6664666466466646664664666446666,31,16,TIMEOUT,340606976,72,600
116,6664666466466646664664666466646,31,16,TIMEOUT,347934720,73,600
117,6664666466626664664666466646666,31,16,TIMEOUT,248477696,82,600
121,6664666466644666466466646664666,31,16,TIMEOUT,350078976,87,600
120,6664666466644666466466646646666,31,16,TIMEOUT,353202176,83,600
122,6664666466646644664666466646666,31,16,TIMEOUT,330416128,73,600
124,6664666466646646664466646664666,31,16,TIMEOUT,350076928,79,601
125,6664666466646646664666466446666,31,16,TIMEOUT,336656384,70,601
129,6666266646646664666466466646666,31,16,TIMEOUT,338622464,73,600
130,6666366466646663664666466646666,31,16,TIMEOUT,340656128,74,600
137,6666446646664666466466646664666,31,16,TIMEOUT,337266688,76,600
138,6666446664664666466466646646666,31,16,TIMEOUT,333537280,78,600
136,6666446646664664666466466646666,31,16,TIMEOUT,256565248,78,600
139,6666446664664666466646646664666,31,16,TIMEOUT,336465920,73,600
144,6666466466644666466646646664666,31,16,TIMEOUT,351756288,78,600
142,6666466466626664664666466646666,31,16,TIMEOUT,336205824,80,600
146,6666466466646646664466646664666,31,16,TIMEOUT,358328320,81,600
147,6666466466646646664664666446666,31,16,TIMEOUT,355244032,82,600
148,6666466466646646664664666466466,31,16,TIMEOUT,247955456,74,600
156,6666466466646664663666366646666,31,16,TIMEOUT,349081600,78,600
155,6666466466646664466646646664666,31,16,TIMEOUT,273225728,85,600
153,6666466466646663666366466646666,31,16,TIMEOUT,348516352,83,600
157,6666466466646664664666266646666,31,16,TIMEOUT,254785536,78,600
158,6666466466646664664666446664666,31,16,TIMEOUT,352325632,82,600
162,6666466626664664666466466646666,31,16,TIMEOUT,342542336,84,601
159,6666466466646664664666466646646,31,16,TIMEOUT,351674368,81,601
164,6666466636646663664666466646666,31,16,TIMEOUT,357959680,82,600
163,6666466626664664666466646646666,31,16,TIMEOUT,364222464,82,600
165,6666466636646664666366466646666,31,16,TIMEOUT,373264384,93,600
166,6666466636646664666466366646666,31,16,TIMEOUT,358844416,77,600
168,6666466636663664666466466646666,31,16,TIMEOUT,336185344,75,600
167,6666466636663664664666466646666,31,16,TIMEOUT,333858816,83,600
169,6666466636663664666466646646666,31,16,TIMEOUT,342962176,78,600
171,6666466644646664666466466646666,31,16,TIMEOUT,330983424,73,600
172,6666466644666466466646646664666,31,16,TIMEOUT,266788864,81,600
177,6666466646636664666466366646666,31,16,TIMEOUT,355330048,81,600
173,6666466644666466466646664664666,31,16,TIMEOUT,348131328,79,600
176,6666466646636663666466646646666,31,16,TIMEOUT,257423360,77,600
178,6666466646644664664666466646666,31,16,TIMEOUT,338513920,75,600
179,6666466646646644664666466646666,31,16,TIMEOUT,337743872,74,600
180,6666466646646662664666466646666,31,16,TIMEOUT,348534784,81,600
181,6666466646646662666466466646666,31,16,TIMEOUT,371855360,83,600
185,6666466646646664663666366646666,31,16,TIMEOUT,351223808,83,600
183,6666466646646664466646664664666,31,16,TIMEOUT,351875072,78,600
186,6666466646646664664666266646666,31,16,TIMEOUT,344315904,76,600
187,6666466646646664664666446664666,31,16,TIMEOUT,354576384,76,600
188,6666466646646664664666466446666,31,16,TIMEOUT,352591872,82,600
190,6666466646646664666446664664666,31,16,TIMEOUT,355278848,76,600
191,6666466646646664666464466646666,31,16,TIMEOUT,337917952,77,600
193,6666466646646664666466466626666,31,16,TIMEOUT,343148544,72,600
195,6666466646646664666466466646664,31,16,TIMEOUT,335005696,80,600
199,6666466646664466646646664664666,31,16,TIMEOUT,356364288,81,600
202,6666466646664662664666466646666,31,16,TIMEOUT,253345792,79,600
203,6666466646664662666466466646666,31,16,TIMEOUT,348688384,78,600
205,6666466646664663666466366646666,31,16,TIMEOUT,353787904,84,600
209,6666466646664664466466466646666,31,16,TIMEOUT,333592576,75,600
206,6666466646664663666466646636666,31,16,TIMEOUT,351123456,84,600
210,6666466646664664466466646664666,31,16,TIMEOUT,330340352,76,600
211,6666466646664664663666366646666,31,16,TIMEOUT,260593664,79,600
212,6666466646664664664466466646666,31,16,TIMEOUT,334002176,74,600
213,6666466646664664666266646646666,31,16,TIMEOUT,331868160,74,600
214,6666466646664664666266646664666,31,16,TIMEOUT,340959232,79,600
216,6666466646664664666446664666466,31,16,TIMEOUT,472635392,83,600
SWEEP COMPLETE Tue Jul 28 07:05:32 MDT 2026
