file	orient	S	D	fFWDEND	fFWDSTART	fREVEND	fREVSTART	sFWDEND	sFWDSTART	sREVEND	sREVSTART
5906.up-02d771908307.txt	F	844	17	1	1	2	2	0	0	0	0
5906.up-02d771908307.txt	R	844	17	1	1	2	2	0	0	0	0
5906.up-0a065898a821.txt	F	838	23	1	1	2	2	0	0	0	0
5906.up-0a065898a821.txt	R	838	23	1	1	2	2	0	0	0	0
5906.up-0d2e98183c29.txt	F	844	17	1	1	1	1	0	0	0	0
5906.up-0d2e98183c29.txt	R	844	17	1	1	1	1	0	0	0	0
5906.up-0db50fc7743c.txt	F	844	17	1	1	1	1	0	0	0	0
5906.up-0db50fc7743c.txt	R	844	17	1	1	1	1	0	0	0	0
5906.up-1206598d1ff0.txt	F	840	21	1	1	2	2	0	0	0	0
5906.up-1206598d1ff0.txt	R	840	21	1	1	2	2	0	0	0	0
5906.up-14e2c7b29aae.txt	F	844	17	1	1	1	1	0	0	0	0
5906.up-14e2c7b29aae.txt	R	844	17	1	1	1	1	0	0	0	0
5906.up-168d62e1a9d1.txt	F	844	17	1	1	1	1	0	0	0	0
5906.up-168d62e1a9d1.txt	R	844	17	1	1	1	1	0	0	0	0
5906.up-16ca46d2c5a9.txt	F	844	17	1	1	1	1	0	0	0	0
5906.up-16ca46d2c5a9.txt	R	844	17	1	1	1	1	0	0	0	0
5906.up-1b0920685429.txt	F	844	17	1	1	2	2	0	0	0	0
5906.up-1b0920685429.txt	R	844	17	1	1	2	2	0	0	0	0
5906.up-1b8244ba04bb.txt	F	838	23	1	1	2	2	0	0	0	0
5906.up-1b8244ba04bb.txt	R	838	23	1	1	2	2	0	0	0	0
5906.up-1bced7f87a93.txt	F	844	17	1	1	2	2	0	0	0	0
5906.up-1bced7f87a93.txt	R	844	17	1	1	2	2	0	0	0	0
5906.up-1e6ba5f50479.txt	F	844	17	1	1	2	2	0	0	0	0
5906.up-1e6ba5f50479.txt	R	844	17	1	1	2	2	0	0	0	0
5906.up-207dc5352d35.txt	F	844	17	1	1	1	1	0	0	0	0
5906.up-207dc5352d35.txt	R	844	17	1	1	1	1	0	0	0	0
5906.up-23ca8a9bcc81.txt	F	844	17	1	1	1	1	0	0	0	0
5906.up-23ca8a9bcc81.txt	R	844	17	1	1	1	1	0	0	0	0
5906.up-2cb6c1139592.txt	F	844	17	1	1	1	1	0	0	0	0
5906.up-2cb6c1139592.txt	R	844	17	1	1	1	1	0	0	0	0
5906.up-331228e22360.txt	F	842	19	1	1	1	1	1	1	0	0
5906.up-331228e22360.txt	R	842	19	1	1	1	1	1	1	0	0
5906.up-331e3f0f91ee.txt	F	844	17	1	1	1	1	0	0	0	0
5906.up-331e3f0f91ee.txt	R	844	17	1	1	1	1	0	0	0	0
5906.up-377da0a3c300.txt	F	838	23	1	1	2	2	0	0	0	0
5906.up-377da0a3c300.txt	R	838	23	1	1	2	2	0	0	0	0
5906.up-37ac2db82134.txt	F	844	17	1	1	1	1	0	0	0	0
5906.up-37ac2db82134.txt	R	844	17	1	1	1	1	0	0	0	0
5906.up-3ba99c5557bb.txt	F	844	17	1	1	1	1	0	0	0	0
5906.up-3ba99c5557bb.txt	R	844	17	1	1	1	1	0	0	0	0
5906.up-3de4f10d5095.txt	F	844	17	1	1	1	1	0	0	0	0
5906.up-3de4f10d5095.txt	R	844	17	1	1	1	1	0	0	0	0
5906.up-3ffb4355518f.txt	F	844	17	1	1	2	2	0	0	0	0
5906.up-3ffb4355518f.txt	R	844	17	1	1	2	2	0	0	0	0
5906.up-454308027985.txt	F	844	17	1	1	2	2	0	0	0	0
5906.up-454308027985.txt	R	844	17	1	1	2	2	0	0	0	0
5906.up-4c3eef44600b.txt	F	844	17	1	1	2	2	0	0	0	0
5906.up-4c3eef44600b.txt	R	844	17	1	1	2	2	0	0	0	0
5906.up-53b55626d912.txt	F	844	17	1	1	1	1	0	0	0	0
5906.up-53b55626d912.txt	R	844	17	1	1	1	1	0	0	0	0
5906.up-55058cab6cba.txt	F	844	17	1	1	2	2	0	0	0	0
5906.up-55058cab6cba.txt	R	844	17	1	1	2	2	0	0	0	0
5906.up-56126e7237c3.txt	F	840	21	1	1	1	1	0	0	0	0
5906.up-56126e7237c3.txt	R	840	21	1	1	1	1	0	0	0	0
5906.up-590fe2cb2c21.txt	F	840	21	1	1	1	1	0	0	0	0
5906.up-590fe2cb2c21.txt	R	840	21	1	1	1	1	0	0	0	0
5906.up-5ce87c54ecea.txt	F	844	17	1	1	1	1	0	0	0	0
5906.up-5ce87c54ecea.txt	R	844	17	1	1	1	1	0	0	0	0
5906.up-63a938be8d73.txt	F	844	17	1	1	2	2	0	0	0	0
5906.up-63a938be8d73.txt	R	844	17	1	1	2	2	0	0	0	0
5906.up-6572648567f1.txt	F	844	17	1	1	2	2	0	0	0	0
5906.up-6572648567f1.txt	R	844	17	1	1	2	2	0	0	0	0
5906.up-6597315411ea.txt	F	838	23	1	1	2	2	0	0	0	0
5906.up-6597315411ea.txt	R	838	23	1	1	2	2	0	0	0	0
5906.up-6773ff05a318.txt	F	844	17	1	1	1	1	0	0	0	0
5906.up-6773ff05a318.txt	R	844	17	1	1	1	1	0	0	0	0
5906.up-6a142cb8e27d.txt	F	840	21	1	1	2	2	0	0	0	0
5906.up-6a142cb8e27d.txt	R	840	21	1	1	2	2	0	0	0	0
5906.up-6a8f7756517b.txt	F	844	17	1	1	1	1	0	0	0	0
5906.up-6a8f7756517b.txt	R	844	17	1	1	1	1	0	0	0	0
5906.up-6f42b3603dac.txt	F	840	21	1	1	1	1	0	0	0	0
5906.up-6f42b3603dac.txt	R	840	21	1	1	1	1	0	0	0	0
5906.up-72482a71c81e.txt	F	838	23	1	1	2	2	0	0	0	0
5906.up-72482a71c81e.txt	R	838	23	1	1	2	2	0	0	0	0
5906.up-756ff2ed09bd.txt	F	844	17	1	1	2	2	0	0	1	1
5906.up-756ff2ed09bd.txt	R	844	17	1	1	2	2	0	0	1	1
5906.up-77512ee88848.txt	F	844	17	1	1	1	1	0	0	0	0
5906.up-77512ee88848.txt	R	844	17	1	1	1	1	0	0	0	0
5906.up-7824c044436e.txt	F	844	17	1	1	1	1	0	0	0	0
5906.up-7824c044436e.txt	R	844	17	1	1	1	1	0	0	0	0
5906.up-78d638be95ae.txt	F	844	17	1	1	1	1	0	0	0	0
5906.up-78d638be95ae.txt	R	844	17	1	1	1	1	0	0	0	0
5906.up-7c111e182316.txt	F	844	17	1	1	1	1	0	0	0	0
5906.up-7c111e182316.txt	R	844	17	1	1	1	1	0	0	0	0
5906.up-7f9a93193f10.txt	F	840	21	1	1	1	1	0	0	0	0
5906.up-7f9a93193f10.txt	R	840	21	1	1	1	1	0	0	0	0
5906.up-839c85982253.txt	F	844	17	1	1	1	1	0	0	0	0
5906.up-839c85982253.txt	R	844	17	1	1	1	1	0	0	0	0
5906.up-890b6674bd25.txt	F	836	25	1	1	2	2	0	0	0	0
5906.up-890b6674bd25.txt	R	836	25	1	1	2	2	0	0	0	0
5906.up-8b8c8916a24a.txt	F	842	19	1	1	1	1	1	1	0	0
5906.up-8b8c8916a24a.txt	R	842	19	1	1	1	1	1	1	0	0
5906.up-8ec03171f5df.txt	F	844	17	1	1	1	1	0	0	0	0
5906.up-8ec03171f5df.txt	R	844	17	1	1	1	1	0	0	0	0
5906.up-91a0d3cd2c14.txt	F	844	17	1	1	1	1	0	0	0	0
5906.up-91a0d3cd2c14.txt	R	844	17	1	1	1	1	0	0	0	0
5906.up-956f3f1864b5.txt	F	844	17	1	1	2	2	0	0	0	0
5906.up-956f3f1864b5.txt	R	844	17	1	1	2	2	0	0	0	0
5906.up-95ffff5c765c.txt	F	844	17	1	1	1	1	0	0	0	0
5906.up-95ffff5c765c.txt	R	844	17	1	1	1	1	0	0	0	0
5906.up-9a915a83c416.txt	F	844	17	1	1	2	2	0	0	0	0
5906.up-9a915a83c416.txt	R	844	17	1	1	2	2	0	0	0	0
5906.up-a001786e5861.txt	F	844	17	1	1	1	1	0	0	0	0
5906.up-a001786e5861.txt	R	844	17	1	1	1	1	0	0	0	0
5906.up-a00b3e52965d.txt	F	844	17	1	1	1	1	0	0	0	0
5906.up-a00b3e52965d.txt	R	844	17	1	1	1	1	0	0	0	0
5906.up-a233fdf94b8d.txt	F	844	17	1	1	2	2	0	0	0	0
5906.up-a233fdf94b8d.txt	R	844	17	1	1	2	2	0	0	0	0
5906.up-a235b0e09b6c.txt	F	844	17	1	1	1	1	0	0	0	0
5906.up-a235b0e09b6c.txt	R	844	17	1	1	1	1	0	0	0	0
5906.up-a30c7c517d7b.txt	F	844	17	1	1	2	2	0	0	0	0
5906.up-a30c7c517d7b.txt	R	844	17	1	1	2	2	0	0	0	0
5906.up-a838f31a7b4f.txt	F	844	17	1	1	1	1	0	0	0	0
5906.up-a838f31a7b4f.txt	R	844	17	1	1	1	1	0	0	0	0
5906.up-abe33e328763.txt	F	844	17	1	1	1	1	0	0	0	0
5906.up-abe33e328763.txt	R	844	17	1	1	1	1	0	0	0	0
5906.up-aed220b1ebc4.txt	F	844	17	1	1	1	1	0	0	0	0
5906.up-aed220b1ebc4.txt	R	844	17	1	1	1	1	0	0	0	0
5906.up-b2d6bec1e3bd.txt	F	844	17	1	1	1	1	0	0	0	0
5906.up-b2d6bec1e3bd.txt	R	844	17	1	1	1	1	0	0	0	0
5906.up-bd458e7fc19e.txt	F	840	21	1	1	1	1	0	0	0	0
5906.up-bd458e7fc19e.txt	R	840	21	1	1	1	1	0	0	0	0
5906.up-c2286e4674af.txt	F	844	17	1	1	2	2	0	0	0	0
5906.up-c2286e4674af.txt	R	844	17	1	1	2	2	0	0	0	0
5906.up-c3afee7ed153.txt	F	838	23	1	1	2	2	0	0	0	0
5906.up-c3afee7ed153.txt	R	838	23	1	1	2	2	0	0	0	0
5906.up-c63a66adbc60.txt	F	838	23	1	1	2	2	0	0	0	0
5906.up-c63a66adbc60.txt	R	838	23	1	1	2	2	0	0	0	0
5906.up-cad80abdf334.txt	F	844	17	1	1	1	1	0	0	0	0
5906.up-cad80abdf334.txt	R	844	17	1	1	1	1	0	0	0	0
5906.up-d0b9281ca469.txt	F	836	25	1	1	2	2	0	0	0	0
5906.up-d0b9281ca469.txt	R	836	25	1	1	2	2	0	0	0	0
5906.up-d1489855deef.txt	F	838	23	1	1	2	2	0	0	0	0
5906.up-d1489855deef.txt	R	838	23	1	1	2	2	0	0	0	0
5906.up-d2559533f431.txt	F	844	17	1	1	1	1	0	0	0	0
5906.up-d2559533f431.txt	R	844	17	1	1	1	1	0	0	0	0
5906.up-d8c6ba46400e.txt	F	844	17	1	1	2	2	0	0	0	0
5906.up-d8c6ba46400e.txt	R	844	17	1	1	2	2	0	0	0	0
5906.up-d9a28c2d8195.txt	F	843	18	1	1	2	2	0	0	0	0
5906.up-d9a28c2d8195.txt	R	843	18	1	1	2	2	0	0	0	0
5906.up-da93a66cd37b.txt	F	844	17	1	1	1	1	0	0	0	0
5906.up-da93a66cd37b.txt	R	844	17	1	1	1	1	0	0	0	0
5906.up-dab493384582.txt	F	844	17	1	1	2	2	0	0	1	1
5906.up-dab493384582.txt	R	844	17	1	1	2	2	0	0	1	1
5906.up-dcd1e20d40f8.txt	F	844	17	1	1	2	2	0	0	0	0
5906.up-dcd1e20d40f8.txt	R	844	17	1	1	2	2	0	0	0	0
5906.up-df8c9033249e.txt	F	840	21	1	1	2	2	0	0	0	0
5906.up-df8c9033249e.txt	R	840	21	1	1	2	2	0	0	0	0
5906.up-e132c7a7c340.txt	F	844	17	1	1	2	2	0	0	0	0
5906.up-e132c7a7c340.txt	R	844	17	1	1	2	2	0	0	0	0
5906.up-e1680a9d0e30.txt	F	844	17	1	1	1	1	0	0	0	0
5906.up-e1680a9d0e30.txt	R	844	17	1	1	1	1	0	0	0	0
5906.up-e65e244c83d3.txt	F	844	17	1	1	1	1	0	0	0	0
5906.up-e65e244c83d3.txt	R	844	17	1	1	1	1	0	0	0	0
5906.up-e8da0f18269f.txt	F	844	17	1	1	1	1	0	0	0	0
5906.up-e8da0f18269f.txt	R	844	17	1	1	1	1	0	0	0	0
5906.up-e948752d6a32.txt	F	844	17	1	1	1	1	0	0	0	0
5906.up-e948752d6a32.txt	R	844	17	1	1	1	1	0	0	0	0
5906.up-e94d2b57a7d4.txt	F	844	17	1	1	1	1	0	0	0	0
5906.up-e94d2b57a7d4.txt	R	844	17	1	1	1	1	0	0	0	0
5906.up-eebb02e3baec.txt	F	844	17	1	1	1	1	0	0	0	0
5906.up-eebb02e3baec.txt	R	844	17	1	1	1	1	0	0	0	0
5906.up-f0a3bb335ed9.txt	F	844	17	1	1	2	2	0	0	0	0
5906.up-f0a3bb335ed9.txt	R	844	17	1	1	2	2	0	0	0	0
5906.up-f2c7804be474.txt	F	838	23	1	1	2	2	0	0	0	0
5906.up-f2c7804be474.txt	R	838	23	1	1	2	2	0	0	0	0
5906.up-f8d1e70c6a52.txt	F	840	21	1	1	1	1	0	0	0	0
5906.up-f8d1e70c6a52.txt	R	840	21	1	1	1	1	0	0	0	0
5906.i4a-29c55ed5fbf6.txt	F	839	22	1	1	1	1	0	0	0	0
5906.i4a-29c55ed5fbf6.txt	R	839	22	1	1	1	1	0	0	0	0
5906.i4a-50d865ca7907.txt	F	835	26	1	1	2	2	0	0	0	0
5906.i4a-50d865ca7907.txt	R	835	26	1	1	2	2	0	0	0	0
5906.i4a-66637a3b8941.txt	F	839	22	1	1	2	2	0	0	0	0
5906.i4a-66637a3b8941.txt	R	839	22	1	1	2	2	0	0	0	0
5906.i4a-6a77e138ea8e.txt	F	839	22	1	1	1	1	0	0	0	0
5906.i4a-6a77e138ea8e.txt	R	839	22	1	1	1	1	0	0	0	0
5906.i4a-7f46c8149026.txt	F	839	22	1	1	2	2	0	0	0	0
5906.i4a-7f46c8149026.txt	R	839	22	1	1	2	2	0	0	0	0
5906.i4a-b99b1d60f13e.txt	F	835	26	1	1	2	2	0	0	0	0
5906.i4a-b99b1d60f13e.txt	R	835	26	1	1	2	2	0	0	0	0
5906.i4a-c1080e26f60c.txt	F	839	22	1	1	1	1	0	0	0	0
5906.i4a-c1080e26f60c.txt	R	839	22	1	1	1	1	0	0	0	0
5906.i4a-e0f3de4ca026.txt	F	839	22	1	1	2	2	0	0	0	0
5906.i4a-e0f3de4ca026.txt	R	839	22	1	1	2	2	0	0	0	0
5906.lswap-025c4805fc39.txt	F	844	17	1	1	1	1	0	0	0	0
5906.lswap-025c4805fc39.txt	R	844	17	1	1	1	1	0	0	0	0
5906.lswap-031568aa1b5c.txt	F	844	17	1	1	1	1	0	0	0	0
5906.lswap-031568aa1b5c.txt	R	844	17	1	1	1	1	0	0	0	0
5906.lswap-06f4ba2c8122.txt	F	838	23	1	1	2	2	0	0	0	0
5906.lswap-06f4ba2c8122.txt	R	838	23	1	1	2	2	0	0	0	0
5906.lswap-09c105553d61.txt	F	838	23	1	1	2	2	0	0	0	0
5906.lswap-09c105553d61.txt	R	838	23	1	1	2	2	0	0	0	0
5906.lswap-0d13fc4a8a4a.txt	F	840	21	1	1	2	2	0	0	0	0
5906.lswap-0d13fc4a8a4a.txt	R	840	21	1	1	2	2	0	0	0	0
5906.lswap-0de54c0a7bb6.txt	F	844	17	1	1	1	1	0	0	0	0
5906.lswap-0de54c0a7bb6.txt	R	844	17	1	1	1	1	0	0	0	0
5906.lswap-10f62906b166.txt	F	838	23	1	1	2	2	0	0	0	0
5906.lswap-10f62906b166.txt	R	838	23	1	1	2	2	0	0	0	0
5906.lswap-17203113788c.txt	F	844	17	1	1	1	1	0	0	0	0
5906.lswap-17203113788c.txt	R	844	17	1	1	1	1	0	0	0	0
5906.lswap-17946ea8ba63.txt	F	844	17	1	1	2	2	0	0	0	0
5906.lswap-17946ea8ba63.txt	R	844	17	1	1	2	2	0	0	0	0
5906.lswap-1e70957354f1.txt	F	844	17	1	1	1	1	0	0	0	0
5906.lswap-1e70957354f1.txt	R	844	17	1	1	1	1	0	0	0	0
5906.lswap-1f8e06e3e616.txt	F	839	22	1	1	2	2	0	0	0	0
5906.lswap-1f8e06e3e616.txt	R	839	22	1	1	2	2	0	0	0	0
5906.lswap-20db05a5b51e.txt	F	844	17	1	1	1	1	0	0	0	0
5906.lswap-20db05a5b51e.txt	R	844	17	1	1	1	1	0	0	0	0
5906.lswap-23548cda0ace.txt	F	838	23	1	1	2	2	0	0	0	0
5906.lswap-23548cda0ace.txt	R	838	23	1	1	2	2	0	0	0	0
5906.lswap-2497c9291398.txt	F	844	17	1	1	1	1	0	0	0	0
5906.lswap-2497c9291398.txt	R	844	17	1	1	1	1	0	0	0	0
5906.lswap-25804d565b10.txt	F	844	17	1	1	1	1	0	0	0	0
5906.lswap-25804d565b10.txt	R	844	17	1	1	1	1	0	0	0	0
5906.lswap-25cebe1ff658.txt	F	844	17	1	1	1	1	0	0	0	0
5906.lswap-25cebe1ff658.txt	R	844	17	1	1	1	1	0	0	0	0
5906.lswap-28b97fbb68d1.txt	F	838	23	1	1	2	2	0	0	0	0
5906.lswap-28b97fbb68d1.txt	R	838	23	1	1	2	2	0	0	0	0
5906.lswap-29ee6f7c1197.txt	F	844	17	1	1	1	1	0	0	0	0
5906.lswap-29ee6f7c1197.txt	R	844	17	1	1	1	1	0	0	0	0
5906.lswap-2ae54d2fd96c.txt	F	844	17	1	1	1	1	0	0	0	0
5906.lswap-2ae54d2fd96c.txt	R	844	17	1	1	1	1	0	0	0	0
5906.lswap-2c94cb485ad7.txt	F	844	17	1	1	2	2	0	0	0	0
5906.lswap-2c94cb485ad7.txt	R	844	17	1	1	2	2	0	0	0	0
5906.lswap-2fb529601be6.txt	F	844	17	1	1	1	1	0	0	0	0
5906.lswap-2fb529601be6.txt	R	844	17	1	1	1	1	0	0	0	0
5906.lswap-3a55a72f70d6.txt	F	838	23	1	1	2	2	0	0	0	0
5906.lswap-3a55a72f70d6.txt	R	838	23	1	1	2	2	0	0	0	0
5906.lswap-3b4f2e286e0c.txt	F	844	17	1	1	1	1	0	0	0	0
5906.lswap-3b4f2e286e0c.txt	R	844	17	1	1	1	1	0	0	0	0
5906.lswap-3b66fbdbdf53.txt	F	844	17	1	1	1	1	0	0	0	0
5906.lswap-3b66fbdbdf53.txt	R	844	17	1	1	1	1	0	0	0	0
5906.lswap-3baeeea281f2.txt	F	844	17	1	1	1	1	0	0	0	0
5906.lswap-3baeeea281f2.txt	R	844	17	1	1	1	1	0	0	0	0
5906.lswap-3c791ffa671d.txt	F	844	17	1	1	1	1	0	0	0	0
5906.lswap-3c791ffa671d.txt	R	844	17	1	1	1	1	0	0	0	0
5906.lswap-3d82ae1f2111.txt	F	844	17	1	1	1	1	0	0	0	0
5906.lswap-3d82ae1f2111.txt	R	844	17	1	1	1	1	0	0	0	0
5906.lswap-41a210488ac9.txt	F	844	17	1	1	1	1	0	0	0	0
5906.lswap-41a210488ac9.txt	R	844	17	1	1	1	1	0	0	0	0
5906.lswap-423441640591.txt	F	844	17	1	1	1	1	0	0	0	0
5906.lswap-423441640591.txt	R	844	17	1	1	1	1	0	0	0	0
5906.lswap-469763027c57.txt	F	844	17	1	1	1	1	0	0	0	0
5906.lswap-469763027c57.txt	R	844	17	1	1	1	1	0	0	0	0
5906.lswap-49fac07a5323.txt	F	844	17	1	1	1	1	0	0	0	0
5906.lswap-49fac07a5323.txt	R	844	17	1	1	1	1	0	0	0	0
5906.lswap-49fc63d034f2.txt	F	844	17	1	1	1	1	0	0	0	0
5906.lswap-49fc63d034f2.txt	R	844	17	1	1	1	1	0	0	0	0
5906.lswap-4a581202d46c.txt	F	844	17	1	1	2	2	0	0	0	0
5906.lswap-4a581202d46c.txt	R	844	17	1	1	2	2	0	0	0	0
5906.lswap-4c179f65aa4b.txt	F	844	17	1	1	1	1	0	0	0	0
5906.lswap-4c179f65aa4b.txt	R	844	17	1	1	1	1	0	0	0	0
5906.lswap-5228890279ca.txt	F	844	17	1	1	1	1	0	0	0	0
5906.lswap-5228890279ca.txt	R	844	17	1	1	1	1	0	0	0	0
5906.lswap-52e683fb05d3.txt	F	844	17	1	1	1	1	0	0	0	0
5906.lswap-52e683fb05d3.txt	R	844	17	1	1	1	1	0	0	0	0
5906.lswap-52f45c5e8e22.txt	F	844	17	1	1	1	1	0	0	0	0
5906.lswap-52f45c5e8e22.txt	R	844	17	1	1	1	1	0	0	0	0
5906.lswap-5764c730eaee.txt	F	844	17	1	1	1	1	0	0	0	0
5906.lswap-5764c730eaee.txt	R	844	17	1	1	1	1	0	0	0	0
5906.lswap-5808edca979d.txt	F	844	17	1	1	1	1	0	0	0	0
5906.lswap-5808edca979d.txt	R	844	17	1	1	1	1	0	0	0	0
5906.lswap-5a55d1641a86.txt	F	844	17	1	1	1	1	0	0	0	0
5906.lswap-5a55d1641a86.txt	R	844	17	1	1	1	1	0	0	0	0
5906.lswap-5a7a973564fd.txt	F	844	17	1	1	1	1	0	0	0	0
5906.lswap-5a7a973564fd.txt	R	844	17	1	1	1	1	0	0	0	0
5906.lswap-5dbb54e50268.txt	F	844	17	1	1	1	1	0	0	0	0
5906.lswap-5dbb54e50268.txt	R	844	17	1	1	1	1	0	0	0	0
5906.lswap-6008b60b1c2c.txt	F	844	17	1	1	2	2	0	0	0	0
5906.lswap-6008b60b1c2c.txt	R	844	17	1	1	2	2	0	0	0	0
5906.lswap-62d959eb4e73.txt	F	844	17	1	1	1	1	0	0	0	0
5906.lswap-62d959eb4e73.txt	R	844	17	1	1	1	1	0	0	0	0
5906.lswap-637b5054102a.txt	F	840	21	1	1	1	1	0	0	0	0
5906.lswap-637b5054102a.txt	R	840	21	1	1	1	1	0	0	0	0
5906.lswap-67fc5c2184ab.txt	F	838	23	1	1	2	2	0	0	0	0
5906.lswap-67fc5c2184ab.txt	R	838	23	1	1	2	2	0	0	0	0
5906.lswap-68a263f18066.txt	F	844	17	1	1	2	2	0	0	0	0
5906.lswap-68a263f18066.txt	R	844	17	1	1	2	2	0	0	0	0
5906.lswap-6bd82af50a4e.txt	F	844	17	1	1	1	1	0	0	0	0
5906.lswap-6bd82af50a4e.txt	R	844	17	1	1	1	1	0	0	0	0
5906.lswap-6d0ad177e5ee.txt	F	844	17	1	1	1	1	0	0	0	0
5906.lswap-6d0ad177e5ee.txt	R	844	17	1	1	1	1	0	0	0	0
5906.lswap-6d7ea156bdcc.txt	F	844	17	1	1	1	1	0	0	0	0
5906.lswap-6d7ea156bdcc.txt	R	844	17	1	1	1	1	0	0	0	0
5906.lswap-6dc582bac458.txt	F	839	22	1	1	1	1	0	0	0	0
5906.lswap-6dc582bac458.txt	R	839	22	1	1	1	1	0	0	0	0
5906.lswap-6f6f375dca74.txt	F	844	17	1	1	1	1	0	0	0	0
5906.lswap-6f6f375dca74.txt	R	844	17	1	1	1	1	0	0	0	0
5906.lswap-7217a0cd3774.txt	F	844	17	1	1	1	1	0	0	0	0
5906.lswap-7217a0cd3774.txt	R	844	17	1	1	1	1	0	0	0	0
5906.lswap-73851215f718.txt	F	844	17	1	1	1	1	0	0	0	0
5906.lswap-73851215f718.txt	R	844	17	1	1	1	1	0	0	0	0
5906.lswap-7602ba885180.txt	F	844	17	1	1	1	1	0	0	0	0
5906.lswap-7602ba885180.txt	R	844	17	1	1	1	1	0	0	0	0
5906.lswap-760f8ed53670.txt	F	839	22	1	1	2	2	0	0	0	0
5906.lswap-760f8ed53670.txt	R	839	22	1	1	2	2	0	0	0	0
5906.lswap-7bd46049981f.txt	F	844	17	1	1	1	1	0	0	0	0
5906.lswap-7bd46049981f.txt	R	844	17	1	1	1	1	0	0	0	0
5906.lswap-7f47c6e6eeda.txt	F	844	17	1	1	1	1	0	0	0	0
5906.lswap-7f47c6e6eeda.txt	R	844	17	1	1	1	1	0	0	0	0
5906.lswap-80e6c24a2613.txt	F	844	17	1	1	1	1	0	0	0	0
5906.lswap-80e6c24a2613.txt	R	844	17	1	1	1	1	0	0	0	0
5906.lswap-821102adfff8.txt	F	844	17	1	1	1	1	0	0	0	0
5906.lswap-821102adfff8.txt	R	844	17	1	1	1	1	0	0	0	0
5906.lswap-8ed814577309.txt	F	844	17	1	1	1	1	0	0	0	0
5906.lswap-8ed814577309.txt	R	844	17	1	1	1	1	0	0	0	0
5906.lswap-8f58c699a11d.txt	F	838	23	1	1	2	2	0	0	0	0
5906.lswap-8f58c699a11d.txt	R	838	23	1	1	2	2	0	0	0	0
5906.lswap-945cf8ae5bef.txt	F	838	23	1	1	2	2	0	0	0	0
5906.lswap-945cf8ae5bef.txt	R	838	23	1	1	2	2	0	0	0	0
5906.lswap-964ebce5847f.txt	F	844	17	1	1	1	1	0	0	0	0
5906.lswap-964ebce5847f.txt	R	844	17	1	1	1	1	0	0	0	0
5906.lswap-9759fb4af500.txt	F	844	17	1	1	1	1	0	0	0	0
5906.lswap-9759fb4af500.txt	R	844	17	1	1	1	1	0	0	0	0
5906.lswap-9a5cc6a6e3c8.txt	F	844	17	1	1	1	1	0	0	0	0
5906.lswap-9a5cc6a6e3c8.txt	R	844	17	1	1	1	1	0	0	0	0
5906.lswap-9bd2a50baa0e.txt	F	844	17	1	1	2	2	0	0	1	1
5906.lswap-9bd2a50baa0e.txt	R	844	17	1	1	2	2	0	0	1	1
5906.lswap-9bf7e32c6472.txt	F	838	23	1	1	2	2	0	0	0	0
5906.lswap-9bf7e32c6472.txt	R	838	23	1	1	2	2	0	0	0	0
5906.lswap-9edd04d13626.txt	F	844	17	1	1	2	2	0	0	0	0
5906.lswap-9edd04d13626.txt	R	844	17	1	1	2	2	0	0	0	0
5906.lswap-9f3672f6c430.txt	F	844	17	1	1	1	1	0	0	0	0
5906.lswap-9f3672f6c430.txt	R	844	17	1	1	1	1	0	0	0	0
5906.lswap-9f885c2a5e20.txt	F	838	23	1	1	2	2	0	0	0	0
5906.lswap-9f885c2a5e20.txt	R	838	23	1	1	2	2	0	0	0	0
5906.lswap-a28e203d65dc.txt	F	844	17	1	1	1	1	0	0	0	0
5906.lswap-a28e203d65dc.txt	R	844	17	1	1	1	1	0	0	0	0
5906.lswap-a7d2db45842b.txt	F	844	17	1	1	1	1	0	0	0	0
5906.lswap-a7d2db45842b.txt	R	844	17	1	1	1	1	0	0	0	0
5906.lswap-aa52880fc9e0.txt	F	844	17	1	1	1	1	0	0	0	0
5906.lswap-aa52880fc9e0.txt	R	844	17	1	1	1	1	0	0	0	0
5906.lswap-aea48ef05d9e.txt	F	844	17	1	1	1	1	0	0	0	0
5906.lswap-aea48ef05d9e.txt	R	844	17	1	1	1	1	0	0	0	0
5906.lswap-af54b6f406a6.txt	F	844	17	1	1	1	1	0	0	0	0
5906.lswap-af54b6f406a6.txt	R	844	17	1	1	1	1	0	0	0	0
5906.lswap-afd973e1a915.txt	F	844	17	1	1	1	1	0	0	0	0
5906.lswap-afd973e1a915.txt	R	844	17	1	1	1	1	0	0	0	0
5906.lswap-b12d38608f09.txt	F	844	17	1	1	1	1	0	0	0	0
5906.lswap-b12d38608f09.txt	R	844	17	1	1	1	1	0	0	0	0
5906.lswap-b55f23a2f470.txt	F	844	17	1	1	1	1	0	0	0	0
5906.lswap-b55f23a2f470.txt	R	844	17	1	1	1	1	0	0	0	0
5906.lswap-be4759bc731a.txt	F	844	17	1	1	1	1	0	0	0	0
5906.lswap-be4759bc731a.txt	R	844	17	1	1	1	1	0	0	0	0
5906.lswap-c394b34cb7cc.txt	F	844	17	1	1	2	2	0	0	0	0
5906.lswap-c394b34cb7cc.txt	R	844	17	1	1	2	2	0	0	0	0
5906.lswap-c55c2b0fbb0f.txt	F	844	17	1	1	1	1	0	0	0	0
5906.lswap-c55c2b0fbb0f.txt	R	844	17	1	1	1	1	0	0	0	0
5906.lswap-cae9c3b46793.txt	F	844	17	1	1	1	1	0	0	0	0
5906.lswap-cae9c3b46793.txt	R	844	17	1	1	1	1	0	0	0	0
5906.lswap-cf5ecb0e9ecc.txt	F	844	17	1	1	1	1	0	0	0	0
5906.lswap-cf5ecb0e9ecc.txt	R	844	17	1	1	1	1	0	0	0	0
5906.lswap-cf8339eb5ca7.txt	F	840	21	1	1	1	1	0	0	0	0
5906.lswap-cf8339eb5ca7.txt	R	840	21	1	1	1	1	0	0	0	0
5906.lswap-d252e4d38aa9.txt	F	844	17	1	1	1	1	0	0	0	0
5906.lswap-d252e4d38aa9.txt	R	844	17	1	1	1	1	0	0	0	0
5906.lswap-d515e64b87be.txt	F	844	17	1	1	2	2	0	0	0	0
5906.lswap-d515e64b87be.txt	R	844	17	1	1	2	2	0	0	0	0
5906.lswap-db110b7302cf.txt	F	838	23	1	1	2	2	0	0	0	0
5906.lswap-db110b7302cf.txt	R	838	23	1	1	2	2	0	0	0	0
5906.lswap-dcc866de4e11.txt	F	844	17	1	1	1	1	0	0	0	0
5906.lswap-dcc866de4e11.txt	R	844	17	1	1	1	1	0	0	0	0
5906.lswap-df71274e07be.txt	F	844	17	1	1	1	1	0	0	0	0
5906.lswap-df71274e07be.txt	R	844	17	1	1	1	1	0	0	0	0
5906.lswap-e0920da719d9.txt	F	844	17	1	1	1	1	0	0	0	0
5906.lswap-e0920da719d9.txt	R	844	17	1	1	1	1	0	0	0	0
5906.lswap-e145b859ca30.txt	F	844	17	1	1	1	1	0	0	0	0
5906.lswap-e145b859ca30.txt	R	844	17	1	1	1	1	0	0	0	0
5906.lswap-e21e24656b8e.txt	F	844	17	1	1	1	1	0	0	0	0
5906.lswap-e21e24656b8e.txt	R	844	17	1	1	1	1	0	0	0	0
5906.lswap-e2d18fca77cb.txt	F	844	17	1	1	1	1	0	0	0	0
5906.lswap-e2d18fca77cb.txt	R	844	17	1	1	1	1	0	0	0	0
5906.lswap-e59a6239aa79.txt	F	844	17	1	1	1	1	0	0	0	0
5906.lswap-e59a6239aa79.txt	R	844	17	1	1	1	1	0	0	0	0
5906.lswap-e73e096376f0.txt	F	844	17	1	1	1	1	0	0	0	0
5906.lswap-e73e096376f0.txt	R	844	17	1	1	1	1	0	0	0	0
5906.lswap-ebd38bf2c1cd.txt	F	839	22	1	1	1	1	0	0	0	0
5906.lswap-ebd38bf2c1cd.txt	R	839	22	1	1	1	1	0	0	0	0
5906.lswap-eeb9a73f4b33.txt	F	844	17	1	1	1	1	0	0	0	0
5906.lswap-eeb9a73f4b33.txt	R	844	17	1	1	1	1	0	0	0	0
5906.lswap-f4c2deec7c96.txt	F	842	19	1	1	1	1	1	1	0	0
5906.lswap-f4c2deec7c96.txt	R	842	19	1	1	1	1	1	1	0	0
5906.lswap-f6dbf9989449.txt	F	844	17	1	1	1	1	0	0	0	0
5906.lswap-f6dbf9989449.txt	R	844	17	1	1	1	1	0	0	0	0
5906.lswap-f8f86258580e.txt	F	844	17	1	1	2	2	0	0	0	0
5906.lswap-f8f86258580e.txt	R	844	17	1	1	2	2	0	0	0	0
5906.lswap-fde8e0f0f322.txt	F	844	17	1	1	2	2	0	0	0	0
5906.lswap-fde8e0f0f322.txt	R	844	17	1	1	2	2	0	0	0	0
5906.rbnd-0dad091b8ac4.txt	F	843	18	1	1	2	1	0	1	1	0
5906.rbnd-0dad091b8ac4.txt	R	843	18	1	1	1	2	1	0	0	1
5906.rbnd-2641d60c9d5c.txt	F	843	18	1	1	1	2	1	0	0	1
5906.rbnd-2641d60c9d5c.txt	R	843	18	1	1	2	1	0	1	1	0
5906.rbnd-c44d48fbd52c.txt	F	843	18	1	1	2	1	0	1	1	0
5906.rbnd-c44d48fbd52c.txt	R	843	18	1	1	1	2	1	0	0	1
5906.rbnd-e9623244f6b1.txt	F	843	18	1	1	2	1	0	1	1	0
5906.rbnd-e9623244f6b1.txt	R	843	18	1	1	1	2	1	0	0	1
