lift873_class	landing_872_class
873.w4lift-006009e09557.txt	872.up-d183265f78ab.txt
873.w4lift-010c80158e14.txt	872.up-e0fb97e448b2.txt
873.w4lift-02e4398ab1bc.txt	872.up-5e291240a586.txt
873.w4lift-04266b39cf20.txt	872.up-2494d33b3dc3.txt
873.w4lift-046f6c27be9f.txt	872.up-ac9f5d59793d.txt
873.w4lift-04cf2f2bfcfc.txt	872.up-b67b30dc2759.txt
873.w4lift-04f59553b1bd.txt	872.up-3e0d7dccf577.txt
873.w4lift-05456ebb6cd8.txt	872.up-26b050a100b0.txt
873.w4lift-0549c198f91d.txt	872.up-10467f79f404.txt
873.w4lift-064e73f8aaa9.txt	872.up-b3fe856d9e31.txt
873.w4lift-065091c647be.txt	872.up-cd67e383d468.txt
873.w4lift-06d9b5ac0aec.txt	872.up-d08924967b2d.txt
873.w4lift-07a703c05130.txt	872.up-06d7c73091a6.txt
873.w4lift-080f6c45c387.txt	872.up-8bc7f2b2ef49.txt
873.w4lift-09392f7f4ddb.txt	872.up-862006716741.txt
873.w4lift-095295326550.txt	872.up-ef5decf11b0d.txt
873.w4lift-09562fda7acf.txt	872.up-238fdb108a17.txt
873.w4lift-096918a37b4c.txt	872.up-bac5a2cf536f.txt
873.w4lift-0975ebf1000a.txt	872.up-3c10ce7ca387.txt
873.w4lift-09c65ca249ad.txt	872.up-d3d85811c135.txt
873.w4lift-0ac3e0471b0d.txt	872.up-a169fb0af3ef.txt
873.w4lift-0af507b4ca3b.txt	872.up-5254d3bf6ee8.txt
873.w4lift-0b11dda83310.txt	872.up-81e649e1c8a7.txt
873.w4lift-0b855b9c3794.txt	872.up-d3d85811c135.txt
873.w4lift-0b8de8822ee0.txt	872.up-3214cc669fcb.txt
873.w4lift-0b8e25bb28d6.txt	872.up-70d28ecc6fce.txt
873.w4lift-0b9f0b8d824e.txt	872.up-57d8fbdfec20.txt
873.w4lift-0ba310f1118f.txt	872.up-2494d33b3dc3.txt
873.w4lift-0c9c654cc184.txt	872.up-e83cf969d73c.txt
873.w4lift-0cc36aa58d81.txt	872.up-9789736bc244.txt
873.w4lift-0ce6c400d007.txt	872.up-c7c99a123a53.txt
873.w4lift-0dad3d6ca96d.txt	872.up-1a0a8d9b784f.txt
873.w4lift-0e76e182d4b1.txt	872.up-8744a153bd86.txt
873.w4lift-0f9825f8a8d2.txt	872.up-a4810c359874.txt
873.w4lift-0fc3b8baec3b.txt	872.up-9ab5b709f691.txt
873.w4lift-0fcf9c3ad140.txt	872.up-9034d1926b2a.txt
873.w4lift-100b5ed6badb.txt	872.up-51acc2b57f20.txt
873.w4lift-10259551e038.txt	872.up-608669725f5b.txt
873.w4lift-10707c37a3f9.txt	872.up-022441b7b1ff.txt
873.w4lift-10a972bc6b74.txt	872.up-5254d3bf6ee8.txt
873.w4lift-11e56b8b5879.txt	872.up-939ba9cd96c0.txt
873.w4lift-12b36f40d22e.txt	872.up-80155e63e281.txt
873.w4lift-12f8e1413b53.txt	872.up-fc1e7ffbfa6b.txt
873.w4lift-1302beec9d26.txt	872.up-2c1494154ea6.txt
873.w4lift-138189a64b5a.txt	872.up-ccbeef084cd2.txt
873.w4lift-13a0a9a66158.txt	872.up-ea73eef35ea2.txt
873.w4lift-145b6c423042.txt	872.up-1b4dd9de96ef.txt
873.w4lift-14844aa8d477.txt	872.up-04951eb121a7.txt
873.w4lift-15767d93942a.txt	872.up-1ca99d720cd8.txt
873.w4lift-1594bb7e27e4.txt	872.up-b08c581805a5.txt
873.w4lift-159e8f16c11b.txt	872.up-fd0a27415bda.txt
873.w4lift-16483de5a904.txt	872.up-3971f0347aee.txt
873.w4lift-1686c85adbff.txt	872.up-b771392d14db.txt
873.w4lift-17dfb56f7674.txt	872.up-6e4968b39d8e.txt
873.w4lift-17eb9f45415c.txt	872.up-94ea504d56a6.txt
873.w4lift-18373c4593df.txt	872.up-bf2577972c2d.txt
873.w4lift-1954bb004e51.txt	872.up-5bbbdfa4bdad.txt
873.w4lift-19baaec561f1.txt	872.up-c927bf042972.txt
873.w4lift-19e224663635.txt	872.up-e4d10646bf33.txt
873.w4lift-19f024bc6c24.txt	872.up-dd2f20730b11.txt
873.w4lift-1a3789097371.txt	872.up-9522cc6503f2.txt
873.w4lift-1ba8f80e8e98.txt	872.up-bfd5537c5d4c.txt
873.w4lift-1c6963ef035e.txt	872.up-c927bf042972.txt
873.w4lift-1c89a8f16ba4.txt	872.up-2eeedb008a9c.txt
873.w4lift-1d2097b547c0.txt	872.up-358347036529.txt
873.w4lift-1d35b8ac9e23.txt	872.up-5056547c8349.txt
873.w4lift-1f7ce0c40e4e.txt	872.up-2068031bb86d.txt
873.w4lift-1f9a3a6ad084.txt	872.up-441620668166.txt
873.w4lift-20129005a149.txt	872.up-a7b4f594dc9d.txt
873.w4lift-211066b4efa1.txt	872.up-ef5decf11b0d.txt
873.w4lift-22345be98ad4.txt	872.up-878b93d55cf3.txt
873.w4lift-23ebf37c4b7d.txt	872.up-048c6471a367.txt
873.w4lift-24014ed211a5.txt	872.up-bfd5537c5d4c.txt
873.w4lift-2472d27a4a58.txt	872.up-8e5f5a150c5b.txt
873.w4lift-24933bc12a04.txt	872.up-8b45e53d1992.txt
873.w4lift-24d2c900522b.txt	872.up-bce8d003182b.txt
873.w4lift-2526814c80b7.txt	872.up-a7722221f832.txt
873.w4lift-253e8c93ba50.txt	872.up-b5a03b239a0a.txt
873.w4lift-25e60ee0f79a.txt	872.up-a169fb0af3ef.txt
873.w4lift-26236ae16530.txt	872.up-be256f3a663a.txt
873.w4lift-263224329d9d.txt	872.up-8658d199213d.txt
873.w4lift-264a6f8b5166.txt	872.up-65f7fbcf604c.txt
873.w4lift-276c8aeb2501.txt	872.up-50e80db18080.txt
873.w4lift-276e3f10737b.txt	872.up-fd0a27415bda.txt
873.w4lift-27d9a372c798.txt	872.up-4c777dfe1f22.txt
873.w4lift-280bfe3f86db.txt	872.up-e83cf969d73c.txt
873.w4lift-2827cd1a0c0b.txt	872.up-064ebac8c68c.txt
873.w4lift-29781c8d1b9c.txt	872.up-7f14a744b8c2.txt
873.w4lift-2a2ab46bad7f.txt	872.up-5bbbdfa4bdad.txt
873.w4lift-2a306cb7bef2.txt	872.up-862006716741.txt
873.w4lift-2a69c6b6d2c4.txt	872.up-8171b11aa5f2.txt
873.w4lift-2a8ef3066f0e.txt	872.up-fc675880d240.txt
873.w4lift-2ab7b5646f8e.txt	872.up-4c96cb460915.txt
873.w4lift-2aecb72d34e5.txt	872.up-c76bed7997ac.txt
873.w4lift-2ba05a57b645.txt	872.up-4869a9da5453.txt
873.w4lift-2c2e132881a6.txt	872.up-9789736bc244.txt
873.w4lift-2ca4e25abbb6.txt	872.up-4cbd4fe2967a.txt
873.w4lift-2d402882fb63.txt	872.up-c998359df83d.txt
873.w4lift-2d7836ce46a2.txt	872.up-42fa7b68f090.txt
873.w4lift-2e35740c9113.txt	872.up-aaeae43d97a9.txt
873.w4lift-2e40dd560205.txt	872.up-f582b4de11b3.txt
873.w4lift-2e6b838c036f.txt	872.up-ce2a830b0d62.txt
873.w4lift-2eb7382aecdf.txt	872.up-6a0257acee61.txt
873.w4lift-2f206816d15b.txt	872.up-cd67e383d468.txt
873.w4lift-2ff4d1990a24.txt	872.up-50e80db18080.txt
873.w4lift-30524cca9c3a.txt	872.up-54708037d6b2.txt
873.w4lift-305e8419898d.txt	872.up-f7b26197daa4.txt
873.w4lift-31024fa17dff.txt	872.up-a169fb0af3ef.txt
873.w4lift-314f2a9adc12.txt	872.up-b0e5b2ade0c1.txt
873.w4lift-322218602b64.txt	872.up-e0fb97e448b2.txt
873.w4lift-325e05060916.txt	872.up-064ebac8c68c.txt
873.w4lift-346b2f444edd.txt	872.up-a4810c359874.txt
873.w4lift-354f0161d612.txt	872.up-3c628824c6be.txt
873.w4lift-35539518f95d.txt	872.up-5bbbdfa4bdad.txt
873.w4lift-3612c0e65483.txt	872.up-9034d1926b2a.txt
873.w4lift-362c4c38f675.txt	872.up-e83cf969d73c.txt
873.w4lift-367cdf291834.txt	872.up-6f8f3d7db1d4.txt
873.w4lift-375e7a359675.txt	872.up-358347036529.txt
873.w4lift-380da33f0c08.txt	872.up-dfd252dce273.txt
873.w4lift-387078abe2c6.txt	872.up-7da2e43b227a.txt
873.w4lift-3874ecd203b3.txt	872.up-06d7c73091a6.txt
873.w4lift-388e1f993fed.txt	872.up-7100a5298c6e.txt
873.w4lift-3966ae3aa921.txt	872.up-fe46e4b0a049.txt
873.w4lift-397b2854d63f.txt	872.up-4c777dfe1f22.txt
873.w4lift-39ec7de72258.txt	872.up-7b39df3c50b3.txt
873.w4lift-3a2d58cc764b.txt	872.up-7da2e43b227a.txt
873.w4lift-3a51295fc084.txt	872.up-fe46e4b0a049.txt
873.w4lift-3ac5b5a7a4e1.txt	872.up-441620668166.txt
873.w4lift-3ad96c175be8.txt	872.up-06d7c73091a6.txt
873.w4lift-3b99fa96ff11.txt	872.up-c780529cd77f.txt
873.w4lift-3bfa44d059e0.txt	872.up-171947a4c8ca.txt
873.w4lift-3c0660dec8f6.txt	872.up-f7288f90905a.txt
873.w4lift-3ce3f935dc87.txt	872.up-a157e68f0919.txt
873.w4lift-3d2ce5d0b0c6.txt	872.up-d3d85811c135.txt
873.w4lift-3d34d2ecc257.txt	872.up-a7722221f832.txt
873.w4lift-3da0adb7c085.txt	872.up-878b93d55cf3.txt
873.w4lift-3dd725e29a7c.txt	872.up-884e73f71035.txt
873.w4lift-3e0817675924.txt	872.up-78dd9e9830df.txt
873.w4lift-3edcdf558f77.txt	872.up-10467f79f404.txt
873.w4lift-3f69dbe88b7e.txt	872.up-a5eac6d1eb02.txt
873.w4lift-3f790ec0fbc8.txt	872.up-1a0a8d9b784f.txt
873.w4lift-4065b319d843.txt	872.up-07bc5d6728ef.txt
873.w4lift-41912793f16c.txt	872.up-e327f72c7edb.txt
873.w4lift-41fc318dfb2b.txt	872.up-b12852b2cba4.txt
873.w4lift-420a41aa094b.txt	872.up-af16aacf0012.txt
873.w4lift-435845399ec5.txt	872.up-f2ed2873e6f7.txt
873.w4lift-441affcbfa03.txt	872.up-a5eac6d1eb02.txt
873.w4lift-445764695ab8.txt	872.up-3c628824c6be.txt
873.w4lift-4527ec9a1399.txt	872.up-55ffbe15f3e5.txt
873.w4lift-453d50a98be5.txt	872.up-fbd33f182c1a.txt
873.w4lift-45605e46af87.txt	872.up-d183265f78ab.txt
873.w4lift-469f6057ea58.txt	872.up-59b86f24eed5.txt
873.w4lift-471ea5e2808d.txt	872.up-4c777dfe1f22.txt
873.w4lift-47d34edac0dc.txt	872.up-71ca85afae47.txt
873.w4lift-485bcea15518.txt	872.up-918730b9e3a3.txt
873.w4lift-4a390cbcff26.txt	872.up-56ccc4c046c8.txt
873.w4lift-4b441dcd280b.txt	872.up-65f7fbcf604c.txt
873.w4lift-4bdc84b4eabf.txt	872.up-27a966451c87.txt
873.w4lift-4c0e9f8fb936.txt	872.up-10467f79f404.txt
873.w4lift-4c163099cc95.txt	872.up-fe46e4b0a049.txt
873.w4lift-4d9a43ee2678.txt	872.up-957a68729445.txt
873.w4lift-4e6a7588b263.txt	872.up-84002779d7ae.txt
873.w4lift-4fba6cdb4efc.txt	872.up-f9789914804e.txt
873.w4lift-4fea85b406d1.txt	872.up-5081f88f2e17.txt
873.w4lift-501abc5210e4.txt	872.up-57d8fbdfec20.txt
873.w4lift-50ba4afe8c9a.txt	872.up-7a43444b00e7.txt
873.w4lift-50dac49464e1.txt	872.up-bce8d003182b.txt
873.w4lift-51335bdfb643.txt	872.up-e9a840c63948.txt
873.w4lift-51486b0f9dfa.txt	872.up-049d89a139b4.txt
873.w4lift-5410646d8ab4.txt	872.up-d9902cc84842.txt
873.w4lift-555d643eb419.txt	872.up-c927bf042972.txt
873.w4lift-5584ed20c4e5.txt	872.up-07bc5d6728ef.txt
873.w4lift-5678c259651f.txt	872.up-19a15bf66d48.txt
873.w4lift-5737d46913ce.txt	872.up-04951eb121a7.txt
873.w4lift-587207c15b8b.txt	872.up-a157e68f0919.txt
873.w4lift-5997d39ac1b4.txt	872.up-61434d34a1a9.txt
873.w4lift-5ab9a73c7cad.txt	872.up-71512bf208d3.txt
873.w4lift-5abee06195d9.txt	872.up-b771392d14db.txt
873.w4lift-5b2dffc5d975.txt	872.up-048c6471a367.txt
873.w4lift-5d22ce1f2906.txt	872.up-453e9a5aeba6.txt
873.w4lift-5e11c2362449.txt	872.up-a2f55a2d90d3.txt
873.w4lift-5f7edfd3e4a8.txt	872.up-3971f0347aee.txt
873.w4lift-60c94a60d8c8.txt	872.up-608669725f5b.txt
873.w4lift-616bd87ab97a.txt	872.up-c73597cfe5b5.txt
873.w4lift-62e0ce05d193.txt	872.up-e1ce4b82bdd3.txt
873.w4lift-62f72f11dbe8.txt	872.up-171947a4c8ca.txt
873.w4lift-63061bd7162d.txt	872.up-a76989d068bf.txt
873.w4lift-63286b3bde51.txt	872.up-bfcd91bf9d9a.txt
873.w4lift-634ad4a01389.txt	872.up-2900d6d01713.txt
873.w4lift-6477d95f46fb.txt	872.up-5cc89cac6581.txt
873.w4lift-661c9530f76f.txt	872.up-51acc2b57f20.txt
873.w4lift-663e37ce4131.txt	872.up-c08f026912cb.txt
873.w4lift-66428e45cd0c.txt	872.up-e1fcea1228e3.txt
873.w4lift-668e1bc003f1.txt	872.up-1bf77b03d70b.txt
873.w4lift-67f4c1b274e4.txt	872.up-b771392d14db.txt
873.w4lift-68309c09340f.txt	872.up-4c96cb460915.txt
873.w4lift-68a0bd30d7a7.txt	872.up-0ced62e5599e.txt
873.w4lift-69274c0d4b0b.txt	872.up-f9bbaebe6c73.txt
873.w4lift-69b06b5d731e.txt	872.up-5056547c8349.txt
873.w4lift-69fe5080161f.txt	872.up-ed96d8839b38.txt
873.w4lift-6a14f7729f0b.txt	872.up-ac9f5d59793d.txt
873.w4lift-6ad3b9cd5747.txt	872.up-e2b1871fbf7a.txt
873.w4lift-6b589616f701.txt	872.up-5cc89cac6581.txt
873.w4lift-6d9fd4752eed.txt	872.up-be256f3a663a.txt
873.w4lift-6e5a36a8b790.txt	872.up-da31cb5ea14b.txt
873.w4lift-6e5a976fec5c.txt	872.up-ba6677caf6f8.txt
873.w4lift-6e947fa9342f.txt	872.up-1622421e358f.txt
873.w4lift-6eabeb5cc6f7.txt	872.up-6c48ed694daa.txt
873.w4lift-6f019fcbefcf.txt	872.up-d3d85811c135.txt
873.w4lift-6fc7e3007b5e.txt	872.up-25475e422cab.txt
873.w4lift-73664c45e2d2.txt	872.up-e1f0ef481855.txt
873.w4lift-74493ec9884d.txt	872.up-07bc5d6728ef.txt
873.w4lift-74f27e01c01d.txt	872.up-b08c581805a5.txt
873.w4lift-7591993efcde.txt	872.up-e1ac5eae9166.txt
873.w4lift-75f680df18d4.txt	872.up-4f6e4d6ed536.txt
873.w4lift-76bd06b55688.txt	872.up-a67fc1779660.txt
873.w4lift-7751ce308c74.txt	872.up-59b86f24eed5.txt
873.w4lift-775bbf60378d.txt	872.up-06d7c73091a6.txt
873.w4lift-77fbdbc5d706.txt	872.up-f9789914804e.txt
873.w4lift-7836839c544b.txt	872.up-f2ed2873e6f7.txt
873.w4lift-783c92b7989e.txt	872.up-d183265f78ab.txt
873.w4lift-791c2549a578.txt	872.up-ce2a830b0d62.txt
873.w4lift-79aa847679f6.txt	872.up-049d89a139b4.txt
873.w4lift-7b829ed573c6.txt	872.up-dcb5b2c1d312.txt
873.w4lift-7c407235a8bf.txt	872.up-ac9f5d59793d.txt
873.w4lift-7c9ec55cff23.txt	872.up-b3a017769023.txt
873.w4lift-7d5dd0ca27b1.txt	872.up-a76989d068bf.txt
873.w4lift-7de9fc4573a0.txt	872.up-e2b1871fbf7a.txt
873.w4lift-7e857c70c5ee.txt	872.up-65f7fbcf604c.txt
873.w4lift-7ef9d71f7b40.txt	872.up-dfdcfde2815b.txt
873.w4lift-7f0f9039a0a1.txt	872.up-5081f88f2e17.txt
873.w4lift-7f21915431f1.txt	872.up-a5eac6d1eb02.txt
873.w4lift-7f49d710cf7b.txt	872.up-8b45e53d1992.txt
873.w4lift-822f6d0401ec.txt	872.up-dd2f20730b11.txt
873.w4lift-82bdf482a351.txt	872.up-a7722221f832.txt
873.w4lift-834b5ad6cad4.txt	872.up-704b1817458d.txt
873.w4lift-83ac07997c7a.txt	872.up-da31cb5ea14b.txt
873.w4lift-8460d4cdb9c1.txt	872.up-c780529cd77f.txt
873.w4lift-84887c74b1cb.txt	872.up-918730b9e3a3.txt
873.w4lift-874318860fa9.txt	872.up-b3a017769023.txt
873.w4lift-8762d9e5eae4.txt	872.up-5254d3bf6ee8.txt
873.w4lift-8767b007e448.txt	872.up-ea73eef35ea2.txt
873.w4lift-87be6b46ac86.txt	872.up-ba6677caf6f8.txt
873.w4lift-88141b16b2b3.txt	872.up-94ea504d56a6.txt
873.w4lift-88f7666a1491.txt	872.up-f2ed2873e6f7.txt
873.w4lift-8967af65f99c.txt	872.up-92c49c81a0a2.txt
873.w4lift-8aa650fdddfc.txt	872.up-cd9e8d79f4b5.txt
873.w4lift-8c31211fed69.txt	872.up-81b93b88bbc6.txt
873.w4lift-8df4530f5b5b.txt	872.up-b12852b2cba4.txt
873.w4lift-905d88d0540c.txt	872.up-f1cf2f244959.txt
873.w4lift-933bdc0a250e.txt	872.up-4e2af0009a66.txt
873.w4lift-934474ce0c55.txt	872.up-441620668166.txt
873.w4lift-94b0fb4932f5.txt	872.up-942a9983095d.txt
873.w4lift-958e4716b531.txt	872.up-feaa9d7d4362.txt
873.w4lift-95cc35d1786b.txt	872.up-d2a86e27252a.txt
873.w4lift-9606b423c504.txt	872.up-9789736bc244.txt
873.w4lift-968f91aad8a6.txt	872.up-4869a9da5453.txt
873.w4lift-96ef365568e5.txt	872.up-b08c581805a5.txt
873.w4lift-97c55efd9af4.txt	872.up-fb08668baa5d.txt
873.w4lift-982f04a0394c.txt	872.up-bce8d003182b.txt
873.w4lift-9830ff48c207.txt	872.up-f1cf2f244959.txt
873.w4lift-992a825ad953.txt	872.up-06d7c73091a6.txt
873.w4lift-99f877fa03d1.txt	872.up-bf2577972c2d.txt
873.w4lift-9acd111ad566.txt	872.up-4e2af0009a66.txt
873.w4lift-9b38c69443e4.txt	872.up-1622421e358f.txt
873.w4lift-9b7717bf6bc8.txt	872.up-794d2a091899.txt
873.w4lift-9b8873cb3799.txt	872.up-064ebac8c68c.txt
873.w4lift-9bf5bc00b51f.txt	872.up-b6e9ebea6ccb.txt
873.w4lift-9c6dd0bafce3.txt	872.up-f582b4de11b3.txt
873.w4lift-9d2065322ca6.txt	872.up-f7b26197daa4.txt
873.w4lift-9dbab8172278.txt	872.up-1a0a8d9b784f.txt
873.w4lift-9df2ff1c4dd0.txt	872.up-a9e8dd3c28fa.txt
873.w4lift-9f3216ce2f3f.txt	872.up-af16aacf0012.txt
873.w4lift-9f52f48b8848.txt	872.up-ce2a830b0d62.txt
873.w4lift-a06295a0379d.txt	872.up-96f42b583ba8.txt
873.w4lift-a1e4fbb1f6da.txt	872.up-1e68c82452d5.txt
873.w4lift-a2234201ae52.txt	872.up-7100a5298c6e.txt
873.w4lift-a278dbd60fc8.txt	872.up-b6285d5e8864.txt
873.w4lift-a2ec644bce52.txt	872.up-6a0257acee61.txt
873.w4lift-a3b84caf318e.txt	872.up-967b93e8d35d.txt
873.w4lift-a5395a4ff4d7.txt	872.up-bac5a2cf536f.txt
873.w4lift-a55d6c2b9137.txt	872.up-6e1e3ff5a5ee.txt
873.w4lift-a645014d84f4.txt	872.up-b67b30dc2759.txt
873.w4lift-a6f43bef475b.txt	872.up-4c777dfe1f22.txt
873.w4lift-a776d286758c.txt	872.up-2068031bb86d.txt
873.w4lift-a798623b4ba2.txt	872.up-a5eac6d1eb02.txt
873.w4lift-a9048b09b50b.txt	872.up-cd67e383d468.txt
873.w4lift-a9c0da5222ed.txt	872.up-6a0257acee61.txt
873.w4lift-aa43cec414f8.txt	872.up-c792e91e4f2c.txt
873.w4lift-aafd20329abd.txt	872.up-ba6677caf6f8.txt
873.w4lift-ad74de9996fc.txt	872.up-b67b30dc2759.txt
873.w4lift-ae264dc3d537.txt	872.up-453e9a5aeba6.txt
873.w4lift-aedbf3fa92d9.txt	872.up-8a5194e7bd6e.txt
873.w4lift-af9302764df2.txt	872.up-92c49c81a0a2.txt
873.w4lift-afe8c71fafd0.txt	872.up-c792e91e4f2c.txt
873.w4lift-b058a514af15.txt	872.up-9034d1926b2a.txt
873.w4lift-b0768244cc04.txt	872.up-e2b1871fbf7a.txt
873.w4lift-b09581f409a2.txt	872.up-94ea504d56a6.txt
873.w4lift-b0e65f15bb73.txt	872.up-515281583e38.txt
873.w4lift-b1199f5f0477.txt	872.up-3c10ce7ca387.txt
873.w4lift-b16ac76fd84d.txt	872.up-4e2af0009a66.txt
873.w4lift-b2346d89751d.txt	872.up-e0fb97e448b2.txt
873.w4lift-b26b46f94ee4.txt	872.up-5b98b9cb1c0d.txt
873.w4lift-b3535203faac.txt	872.up-64bed4551eed.txt
873.w4lift-b35b15d7ff97.txt	872.up-918730b9e3a3.txt
873.w4lift-b3608e6912b6.txt	872.up-78dd9e9830df.txt
873.w4lift-b3dbd834d85a.txt	872.up-dfd252dce273.txt
873.w4lift-b552a117d801.txt	872.up-ed96d8839b38.txt
873.w4lift-b5806235397f.txt	872.up-a4810c359874.txt
873.w4lift-b6c3b70015c3.txt	872.up-f1bdf690c025.txt
873.w4lift-b6fd3490d3cc.txt	872.up-862006716741.txt
873.w4lift-b755c3cf8931.txt	872.up-cd9e8d79f4b5.txt
873.w4lift-b7a79867da0a.txt	872.up-dfd252dce273.txt
873.w4lift-b7e98ea60856.txt	872.up-b6285d5e8864.txt
873.w4lift-b87403b583d7.txt	872.up-daf28bae0cbd.txt
873.w4lift-b91b91357f5d.txt	872.up-884e73f71035.txt
873.w4lift-b965edb6d0e4.txt	872.up-358347036529.txt
873.w4lift-ba6025898d11.txt	872.up-704b1817458d.txt
873.w4lift-bb70fe16e865.txt	872.up-97ef6807ccfc.txt
873.w4lift-bc0bf296bc21.txt	872.up-c7c99a123a53.txt
873.w4lift-bc633cc4ad02.txt	872.up-5f1820a515a6.txt
873.w4lift-bcf14f4c0f61.txt	872.up-cd67e383d468.txt
873.w4lift-bd123a9b6250.txt	872.up-794d2a091899.txt
873.w4lift-bde245a5c4b9.txt	872.up-95c2ad6d4eac.txt
873.w4lift-be36d0f2a8a5.txt	872.up-26b050a100b0.txt
873.w4lift-be9f6aada790.txt	872.up-942a9983095d.txt
873.w4lift-c15c3b7de0d2.txt	872.up-69cfcee897b0.txt
873.w4lift-c1e73df81c24.txt	872.up-e9a840c63948.txt
873.w4lift-c20589c44ca5.txt	872.up-f9c27c438cf5.txt
873.w4lift-c24c94698ce2.txt	872.up-a157e68f0919.txt
873.w4lift-c2982c3af3e5.txt	872.up-7f14a744b8c2.txt
873.w4lift-c3359c26afc0.txt	872.up-61434d34a1a9.txt
873.w4lift-c37995202ba2.txt	872.up-f7b26197daa4.txt
873.w4lift-c4185d2d44df.txt	872.up-5f1820a515a6.txt
873.w4lift-c48df3da0921.txt	872.up-b6285d5e8864.txt
873.w4lift-c5a180e40948.txt	872.up-84002779d7ae.txt
873.w4lift-c6f2145e405c.txt	872.up-048c6471a367.txt
873.w4lift-c7144627a75c.txt	872.up-71d686e0901a.txt
873.w4lift-c7240df57d45.txt	872.up-967b93e8d35d.txt
873.w4lift-c7c5816769e3.txt	872.up-0ced62e5599e.txt
873.w4lift-c86c3ec85ad7.txt	872.up-f68b4bd3e17e.txt
873.w4lift-c8dcaaf92303.txt	872.up-126f1e5d6bf0.txt
873.w4lift-ca9a9068bd55.txt	872.up-bac5a2cf536f.txt
873.w4lift-cab1c57a00c5.txt	872.up-51acc2b57f20.txt
873.w4lift-cacf13aab7de.txt	872.up-aaeae43d97a9.txt
873.w4lift-cb26a02b5cff.txt	872.up-358347036529.txt
873.w4lift-cb628565642a.txt	872.up-441620668166.txt
873.w4lift-cb63e64db0ab.txt	872.up-dc7f9826de0c.txt
873.w4lift-cbabeb98172e.txt	872.up-982b73a73ae7.txt
873.w4lift-cc6185ada538.txt	872.up-5254d3bf6ee8.txt
873.w4lift-ccc091bb34af.txt	872.up-0c322757abcc.txt
873.w4lift-cd26b9a1805b.txt	872.up-c998359df83d.txt
873.w4lift-cd2710a4676e.txt	872.up-3e0d7dccf577.txt
873.w4lift-ce84e98ea9c9.txt	872.up-46a002f84d00.txt
873.w4lift-cf595c238a39.txt	872.up-be256f3a663a.txt
873.w4lift-d05b78770639.txt	872.up-049d89a139b4.txt
873.w4lift-d2e2e52f22ce.txt	872.up-c76bed7997ac.txt
873.w4lift-d4305b66b8f2.txt	872.up-f7b26197daa4.txt
873.w4lift-d438179a8450.txt	872.up-71d686e0901a.txt
873.w4lift-d43ca34f4e35.txt	872.up-bf2577972c2d.txt
873.w4lift-d5982d5bc52c.txt	872.up-63259fbfe517.txt
873.w4lift-d66f5c8d7dcc.txt	872.up-57d8fbdfec20.txt
873.w4lift-d78ae42f9d1b.txt	872.up-14dfe0b765b9.txt
873.w4lift-d80e9cce2bfc.txt	872.up-8b40f0d0c6b5.txt
873.w4lift-d86159b7d31f.txt	872.up-655b81d5632f.txt
873.w4lift-d95efb9ece7f.txt	872.up-be256f3a663a.txt
873.w4lift-d99c6f8b8d58.txt	872.up-793029c1fb87.txt
873.w4lift-da0ea6d7f7d2.txt	872.up-03265cc6ddde.txt
873.w4lift-da664f401186.txt	872.up-793029c1fb87.txt
873.w4lift-db3b096edc88.txt	872.up-f1bdf690c025.txt
873.w4lift-db550fd2fd21.txt	872.up-b3a017769023.txt
873.w4lift-db738c921288.txt	872.up-967b93e8d35d.txt
873.w4lift-dbe3b61acaa0.txt	872.up-8307b7d7527f.txt
873.w4lift-dc3d982ec1b2.txt	872.up-ea73eef35ea2.txt
873.w4lift-dc954bfe98ec.txt	872.up-32b67ea826c4.txt
873.w4lift-dd422c4bbacb.txt	872.up-794d2a091899.txt
873.w4lift-dd842cea7e1d.txt	872.up-6e1e3ff5a5ee.txt
873.w4lift-dda611b7aabd.txt	872.up-39bb0a590148.txt
873.w4lift-de0c371475fb.txt	872.up-515281583e38.txt
873.w4lift-de245c4a3e0f.txt	872.up-1622421e358f.txt
873.w4lift-e0102f9bb12f.txt	872.up-04951eb121a7.txt
873.w4lift-e0beac9673b2.txt	872.up-9ab5b709f691.txt
873.w4lift-e1c5ad3e2341.txt	872.up-7f14a744b8c2.txt
873.w4lift-e2e7e9e7db97.txt	872.up-048c6471a367.txt
873.w4lift-e339b3191997.txt	872.up-26a28cf98505.txt
873.w4lift-e3b303babf93.txt	872.up-a6de04af6295.txt
873.w4lift-e3d8f9d05527.txt	872.up-a67fc1779660.txt
873.w4lift-e46230bb9496.txt	872.up-b3fe856d9e31.txt
873.w4lift-e48ffaf7d058.txt	872.up-ccbeef084cd2.txt
873.w4lift-e6337915035d.txt	872.up-a76989d068bf.txt
873.w4lift-e6d54c89f7c5.txt	872.up-25475e422cab.txt
873.w4lift-e72ef1c3e4cf.txt	872.up-c08f026912cb.txt
873.w4lift-e8370f507209.txt	872.up-a6938f30e463.txt
873.w4lift-e867aedf7bb5.txt	872.up-f8eec4db9268.txt
873.w4lift-e89491f3f1e8.txt	872.up-2068031bb86d.txt
873.w4lift-e89fe00149b7.txt	872.up-7100a5298c6e.txt
873.w4lift-e95566a79005.txt	872.up-982b73a73ae7.txt
873.w4lift-ea7e7e561b7c.txt	872.up-dcb5b2c1d312.txt
873.w4lift-ea9b71f9f63e.txt	872.up-064ebac8c68c.txt
873.w4lift-eac16b8a22bb.txt	872.up-59b86f24eed5.txt
873.w4lift-eb43558ea40c.txt	872.up-a4810c359874.txt
873.w4lift-ec4706478f57.txt	872.up-dd2f20730b11.txt
873.w4lift-ec7a591181ef.txt	872.up-6e927d4108a3.txt
873.w4lift-ecc23660d045.txt	872.up-704b1817458d.txt
873.w4lift-ecf7f0bf7a26.txt	872.up-ccbeef084cd2.txt
873.w4lift-ed18c0f336ae.txt	872.up-43759852a514.txt
873.w4lift-edce80f775ab.txt	872.up-7b39df3c50b3.txt
873.w4lift-eddffc8411f7.txt	872.up-f7288f90905a.txt
873.w4lift-edef351cd424.txt	872.up-655b81d5632f.txt
873.w4lift-edfab1a12383.txt	872.up-5254d3bf6ee8.txt
873.w4lift-ee0b45394a5c.txt	872.up-aaeae43d97a9.txt
873.w4lift-ee6b529f43ec.txt	872.up-2079d541fb3a.txt
873.w4lift-ef002e98cad0.txt	872.up-8658d199213d.txt
873.w4lift-ef2bf89a9666.txt	872.up-a7b4f594dc9d.txt
873.w4lift-ef9ee82f02ce.txt	872.up-0833524a3e03.txt
873.w4lift-efaf6590c06f.txt	872.up-fd79f9347cc6.txt
873.w4lift-efc6ffdf1534.txt	872.up-39bb0a590148.txt
873.w4lift-f011598c09fc.txt	872.up-f9789914804e.txt
873.w4lift-f08820c5124b.txt	872.up-793029c1fb87.txt
873.w4lift-f176ee50adac.txt	872.up-7b39df3c50b3.txt
873.w4lift-f20c19b3eedf.txt	872.up-26b050a100b0.txt
873.w4lift-f2251109f9c3.txt	872.up-f009eebc8663.txt
873.w4lift-f401ffde3f8d.txt	872.up-80155e63e281.txt
873.w4lift-f48f47fb3706.txt	872.up-46d771a7ddb3.txt
873.w4lift-f49012ea076e.txt	872.up-d9902cc84842.txt
873.w4lift-f5d49fa743a0.txt	872.up-4f6e4d6ed536.txt
873.w4lift-f64bedc83362.txt	872.up-81b93b88bbc6.txt
873.w4lift-f7066b43b52f.txt	872.up-6e1e3ff5a5ee.txt
873.w4lift-f718aa1e79bc.txt	872.up-d74ab0b23f11.txt
873.w4lift-f7d7b74c343e.txt	872.up-862006716741.txt
873.w4lift-f82913882799.txt	872.up-92c49c81a0a2.txt
873.w4lift-f89f18355806.txt	872.up-1622421e358f.txt
873.w4lift-f912b33a2a90.txt	872.up-939ba9cd96c0.txt
873.w4lift-f98ac69d1e69.txt	872.up-794d2a091899.txt
873.w4lift-fa058a859771.txt	872.up-182801f67ea3.txt
873.w4lift-fb70d1111e45.txt	872.up-27a966451c87.txt
873.w4lift-fb9114335437.txt	872.up-e1fcea1228e3.txt
873.w4lift-fcdc62b221ce.txt	872.up-c998359df83d.txt
873.w4lift-fd24ee200ebd.txt	872.up-878b93d55cf3.txt
873.w4lift-fe3f9744a88b.txt	872.up-918730b9e3a3.txt
873.w4lift-fe92043c8e0d.txt	872.up-967b93e8d35d.txt
873.w4lift-fef823a688a6.txt	872.up-4f6e4d6ed536.txt
873.w4lift-fefaa4dd1cb9.txt	872.up-27a966451c87.txt
873.w4lift-ff5d9ad8c395.txt	872.up-9994dc21a364.txt
873.w4lift-ff60a2e17edf.txt	872.up-1735d39e3fda.txt
873.w4lift-ff8b454cbc88.txt	872.up-a7b4f594dc9d.txt
