a	b	new
025c4805fc39	031568aa1b5c	known
025c4805fc39	0db50fc7743c	known
025c4805fc39	16ca46d2c5a9	known
025c4805fc39	2497c9291398	known
025c4805fc39	29ee6f7c1197	known
025c4805fc39	2ae54d2fd96c	known
025c4805fc39	331e3f0f91ee	known
025c4805fc39	3b66fbdbdf53	known
025c4805fc39	49fac07a5323	known
025c4805fc39	52e683fb05d3	known
025c4805fc39	53b55626d912	known
025c4805fc39	5808edca979d	known
025c4805fc39	5dbb54e50268	known
025c4805fc39	62d959eb4e73	known
025c4805fc39	6d0ad177e5ee	known
025c4805fc39	7f47c6e6eeda	known
025c4805fc39	8ed814577309	known
025c4805fc39	9a5cc6a6e3c8	known
025c4805fc39	9f3672f6c430	known
025c4805fc39	a7d2db45842b	known
025c4805fc39	af54b6f406a6	known
025c4805fc39	df71274e07be	known
025c4805fc39	e145b859ca30	known
025c4805fc39	e2d18fca77cb	known
025c4805fc39	e73e096376f0	known
031568aa1b5c	0db50fc7743c	known
031568aa1b5c	16ca46d2c5a9	known
031568aa1b5c	2497c9291398	known
031568aa1b5c	2ae54d2fd96c	known
031568aa1b5c	52e683fb05d3	known
031568aa1b5c	5808edca979d	known
031568aa1b5c	5dbb54e50268	known
031568aa1b5c	62d959eb4e73	known
031568aa1b5c	7f47c6e6eeda	known
031568aa1b5c	8ed814577309	known
031568aa1b5c	9a5cc6a6e3c8	known
031568aa1b5c	a7d2db45842b	known
031568aa1b5c	df71274e07be	known
09c105553d61	10f62906b166	known
09c105553d61	28b97fbb68d1	known
09c105553d61	3a55a72f70d6	known
09c105553d61	6597315411ea	known
09c105553d61	67fc5c2184ab	known
09c105553d61	c3afee7ed153	known
09c105553d61	c63a66adbc60	known
09c105553d61	d1489855deef	known
09c105553d61	db110b7302cf	known
0d2e98183c29	0de54c0a7bb6	known
0d2e98183c29	168d62e1a9d1	known
0d2e98183c29	2497c9291398	known
0d2e98183c29	25804d565b10	known
0d2e98183c29	29ee6f7c1197	known
0d2e98183c29	2cb6c1139592	known
0d2e98183c29	3b4f2e286e0c	known
0d2e98183c29	3c791ffa671d	known
0d2e98183c29	41a210488ac9	known
0d2e98183c29	5228890279ca	known
0d2e98183c29	52e683fb05d3	known
0d2e98183c29	5808edca979d	known
0d2e98183c29	5a55d1641a86	known
0d2e98183c29	5a7a973564fd	known
0d2e98183c29	6d0ad177e5ee	known
0d2e98183c29	6f6f375dca74	known
0d2e98183c29	73851215f718	known
0d2e98183c29	7602ba885180	known
0d2e98183c29	77512ee88848	known
0d2e98183c29	7c111e182316	known
0d2e98183c29	80e6c24a2613	known
0d2e98183c29	964ebce5847f	known
0d2e98183c29	9759fb4af500	known
0d2e98183c29	9f3672f6c430	known
0d2e98183c29	a7d2db45842b	known
0d2e98183c29	afd973e1a915	known
0d2e98183c29	b12d38608f09	known
0d2e98183c29	b2d6bec1e3bd	known
0d2e98183c29	be4759bc731a	known
0d2e98183c29	cae9c3b46793	known
0d2e98183c29	e73e096376f0	known
0d2e98183c29	eeb9a73f4b33	known
0d2e98183c29	f6dbf9989449	known
0dad091b8ac4	2641d60c9d5c	known
0dad091b8ac4	c44d48fbd52c	known
0db50fc7743c	16ca46d2c5a9	known
0db50fc7743c	2497c9291398	known
0db50fc7743c	2ae54d2fd96c	known
0db50fc7743c	52e683fb05d3	known
0db50fc7743c	5808edca979d	known
0db50fc7743c	5dbb54e50268	known
0db50fc7743c	62d959eb4e73	known
0db50fc7743c	7f47c6e6eeda	known
0db50fc7743c	8ed814577309	known
0db50fc7743c	9a5cc6a6e3c8	known
0db50fc7743c	a7d2db45842b	known
0db50fc7743c	df71274e07be	known
0de54c0a7bb6	168d62e1a9d1	known
0de54c0a7bb6	17203113788c	known
0de54c0a7bb6	1e70957354f1	known
0de54c0a7bb6	23ca8a9bcc81	known
0de54c0a7bb6	25804d565b10	known
0de54c0a7bb6	2cb6c1139592	known
0de54c0a7bb6	2fb529601be6	known
0de54c0a7bb6	3b4f2e286e0c	known
0de54c0a7bb6	3baeeea281f2	known
0de54c0a7bb6	3c791ffa671d	known
0de54c0a7bb6	41a210488ac9	known
0de54c0a7bb6	423441640591	known
0de54c0a7bb6	469763027c57	known
0de54c0a7bb6	49fc63d034f2	known
0de54c0a7bb6	5228890279ca	known
0de54c0a7bb6	52e683fb05d3	known
0de54c0a7bb6	52f45c5e8e22	known
0de54c0a7bb6	5764c730eaee	known
0de54c0a7bb6	5a55d1641a86	known
0de54c0a7bb6	5a7a973564fd	known
0de54c0a7bb6	5dbb54e50268	known
0de54c0a7bb6	6bd82af50a4e	known
0de54c0a7bb6	6d0ad177e5ee	known
0de54c0a7bb6	6d7ea156bdcc	known
0de54c0a7bb6	6f6f375dca74	known
0de54c0a7bb6	73851215f718	known
0de54c0a7bb6	7602ba885180	known
0de54c0a7bb6	80e6c24a2613	known
0de54c0a7bb6	821102adfff8	known
0de54c0a7bb6	91a0d3cd2c14	known
0de54c0a7bb6	964ebce5847f	known
0de54c0a7bb6	9759fb4af500	known
0de54c0a7bb6	9f3672f6c430	known
0de54c0a7bb6	a28e203d65dc	known
0de54c0a7bb6	a7d2db45842b	known
0de54c0a7bb6	a838f31a7b4f	known
0de54c0a7bb6	af54b6f406a6	known
0de54c0a7bb6	b12d38608f09	known
0de54c0a7bb6	b2d6bec1e3bd	known
0de54c0a7bb6	b55f23a2f470	known
0de54c0a7bb6	be4759bc731a	known
0de54c0a7bb6	cae9c3b46793	known
0de54c0a7bb6	d2559533f431	known
0de54c0a7bb6	df71274e07be	known
0de54c0a7bb6	e0920da719d9	known
0de54c0a7bb6	e2d18fca77cb	known
0de54c0a7bb6	e948752d6a32	known
0de54c0a7bb6	eeb9a73f4b33	known
0de54c0a7bb6	eebb02e3baec	known
0de54c0a7bb6	f6dbf9989449	known
10f62906b166	28b97fbb68d1	known
10f62906b166	3a55a72f70d6	known
10f62906b166	6597315411ea	known
10f62906b166	67fc5c2184ab	known
10f62906b166	c3afee7ed153	known
10f62906b166	c63a66adbc60	known
10f62906b166	d1489855deef	known
10f62906b166	db110b7302cf	known
14e2c7b29aae	168d62e1a9d1	known
14e2c7b29aae	2497c9291398	known
14e2c7b29aae	25804d565b10	known
14e2c7b29aae	29ee6f7c1197	known
14e2c7b29aae	3baeeea281f2	known
14e2c7b29aae	41a210488ac9	known
14e2c7b29aae	49fc63d034f2	known
14e2c7b29aae	4c179f65aa4b	known
14e2c7b29aae	5808edca979d	known
14e2c7b29aae	5a55d1641a86	known
14e2c7b29aae	5a7a973564fd	known
14e2c7b29aae	6f6f375dca74	known
14e2c7b29aae	77512ee88848	known
14e2c7b29aae	964ebce5847f	known
14e2c7b29aae	9759fb4af500	known
14e2c7b29aae	a28e203d65dc	known
14e2c7b29aae	a838f31a7b4f	known
14e2c7b29aae	aa52880fc9e0	known
14e2c7b29aae	afd973e1a915	known
14e2c7b29aae	b55f23a2f470	known
14e2c7b29aae	be4759bc731a	known
14e2c7b29aae	cf5ecb0e9ecc	known
14e2c7b29aae	d252e4d38aa9	known
14e2c7b29aae	e0920da719d9	known
14e2c7b29aae	e73e096376f0	known
168d62e1a9d1	2cb6c1139592	known
168d62e1a9d1	2fb529601be6	known
168d62e1a9d1	3b4f2e286e0c	known
168d62e1a9d1	3c791ffa671d	known
168d62e1a9d1	41a210488ac9	known
168d62e1a9d1	5228890279ca	known
168d62e1a9d1	52e683fb05d3	known
168d62e1a9d1	5a55d1641a86	known
168d62e1a9d1	5a7a973564fd	known
168d62e1a9d1	6d0ad177e5ee	known
168d62e1a9d1	6f6f375dca74	known
168d62e1a9d1	73851215f718	known
168d62e1a9d1	7602ba885180	known
168d62e1a9d1	7c111e182316	known
168d62e1a9d1	80e6c24a2613	known
168d62e1a9d1	821102adfff8	known
168d62e1a9d1	964ebce5847f	known
168d62e1a9d1	9759fb4af500	known
168d62e1a9d1	9f3672f6c430	known
168d62e1a9d1	a7d2db45842b	known
168d62e1a9d1	b12d38608f09	known
168d62e1a9d1	b2d6bec1e3bd	known
168d62e1a9d1	b55f23a2f470	known
168d62e1a9d1	be4759bc731a	known
168d62e1a9d1	cae9c3b46793	known
168d62e1a9d1	d252e4d38aa9	known
168d62e1a9d1	eeb9a73f4b33	known
168d62e1a9d1	f6dbf9989449	known
16ca46d2c5a9	2497c9291398	known
16ca46d2c5a9	2ae54d2fd96c	known
16ca46d2c5a9	52e683fb05d3	known
16ca46d2c5a9	5808edca979d	known
16ca46d2c5a9	5dbb54e50268	known
16ca46d2c5a9	62d959eb4e73	known
16ca46d2c5a9	7f47c6e6eeda	known
16ca46d2c5a9	8ed814577309	known
16ca46d2c5a9	9a5cc6a6e3c8	known
16ca46d2c5a9	a7d2db45842b	known
16ca46d2c5a9	df71274e07be	known
17203113788c	1e70957354f1	known
17203113788c	23ca8a9bcc81	known
17203113788c	25804d565b10	known
17203113788c	2fb529601be6	known
17203113788c	3b4f2e286e0c	known
17203113788c	3baeeea281f2	known
17203113788c	423441640591	known
17203113788c	469763027c57	known
17203113788c	49fac07a5323	known
17203113788c	49fc63d034f2	known
17203113788c	4c179f65aa4b	known
17203113788c	5228890279ca	known
17203113788c	52f45c5e8e22	known
17203113788c	5764c730eaee	known
17203113788c	5a7a973564fd	known
17203113788c	5dbb54e50268	known
17203113788c	6bd82af50a4e	known
17203113788c	6d7ea156bdcc	known
17203113788c	73851215f718	known
17203113788c	7602ba885180	known
17203113788c	80e6c24a2613	known
17203113788c	821102adfff8	known
17203113788c	8ec03171f5df	known
17203113788c	8ed814577309	known
17203113788c	91a0d3cd2c14	known
17203113788c	964ebce5847f	known
17203113788c	9a5cc6a6e3c8	known
17203113788c	a28e203d65dc	known
17203113788c	aa52880fc9e0	known
17203113788c	aed220b1ebc4	known
17203113788c	af54b6f406a6	known
17203113788c	afd973e1a915	known
17203113788c	b12d38608f09	known
17203113788c	b55f23a2f470	known
17203113788c	d252e4d38aa9	known
17203113788c	d2559533f431	known
17203113788c	df71274e07be	known
17203113788c	e0920da719d9	known
17203113788c	e145b859ca30	known
17203113788c	e2d18fca77cb	known
17203113788c	e59a6239aa79	known
17203113788c	e948752d6a32	known
17203113788c	e94d2b57a7d4	known
17203113788c	eeb9a73f4b33	known
17203113788c	eebb02e3baec	known
17203113788c	f6dbf9989449	known
1e70957354f1	23ca8a9bcc81	known
1e70957354f1	25804d565b10	known
1e70957354f1	2cb6c1139592	known
1e70957354f1	2fb529601be6	known
1e70957354f1	3b4f2e286e0c	known
1e70957354f1	3baeeea281f2	known
1e70957354f1	3c791ffa671d	known
1e70957354f1	41a210488ac9	known
1e70957354f1	423441640591	known
1e70957354f1	469763027c57	known
1e70957354f1	5228890279ca	known
1e70957354f1	52f45c5e8e22	known
1e70957354f1	5764c730eaee	known
1e70957354f1	5a55d1641a86	known
1e70957354f1	5a7a973564fd	known
1e70957354f1	5dbb54e50268	known
1e70957354f1	6bd82af50a4e	known
1e70957354f1	6d0ad177e5ee	known
1e70957354f1	6d7ea156bdcc	known
1e70957354f1	6f6f375dca74	known
1e70957354f1	73851215f718	known
1e70957354f1	7602ba885180	known
1e70957354f1	7c111e182316	known
1e70957354f1	80e6c24a2613	known
1e70957354f1	821102adfff8	known
1e70957354f1	964ebce5847f	known
1e70957354f1	9759fb4af500	known
1e70957354f1	9f3672f6c430	known
1e70957354f1	a28e203d65dc	known
1e70957354f1	a7d2db45842b	known
1e70957354f1	aed220b1ebc4	known
1e70957354f1	af54b6f406a6	known
1e70957354f1	b12d38608f09	known
1e70957354f1	b2d6bec1e3bd	known
1e70957354f1	b55f23a2f470	known
1e70957354f1	be4759bc731a	known
1e70957354f1	cae9c3b46793	known
1e70957354f1	df71274e07be	known
1e70957354f1	e0920da719d9	known
1e70957354f1	e2d18fca77cb	known
1e70957354f1	eeb9a73f4b33	known
1e70957354f1	eebb02e3baec	known
1e70957354f1	f6dbf9989449	known
23ca8a9bcc81	25804d565b10	known
23ca8a9bcc81	2fb529601be6	known
23ca8a9bcc81	3baeeea281f2	known
23ca8a9bcc81	423441640591	known
23ca8a9bcc81	469763027c57	known
23ca8a9bcc81	52f45c5e8e22	known
23ca8a9bcc81	5764c730eaee	known
23ca8a9bcc81	6bd82af50a4e	known
23ca8a9bcc81	6d7ea156bdcc	known
23ca8a9bcc81	73851215f718	known
23ca8a9bcc81	7602ba885180	known
23ca8a9bcc81	821102adfff8	known
23ca8a9bcc81	a28e203d65dc	known
23ca8a9bcc81	aed220b1ebc4	known
23ca8a9bcc81	af54b6f406a6	known
23ca8a9bcc81	b55f23a2f470	known
23ca8a9bcc81	d2559533f431	known
23ca8a9bcc81	df71274e07be	known
23ca8a9bcc81	e0920da719d9	known
23ca8a9bcc81	e2d18fca77cb	known
23ca8a9bcc81	e948752d6a32	known
23ca8a9bcc81	eebb02e3baec	known
23ca8a9bcc81	f6dbf9989449	known
2497c9291398	25804d565b10	known
2497c9291398	29ee6f7c1197	known
2497c9291398	2ae54d2fd96c	known
2497c9291398	3baeeea281f2	known
2497c9291398	41a210488ac9	known
2497c9291398	49fc63d034f2	known
2497c9291398	4c179f65aa4b	known
2497c9291398	52e683fb05d3	known
2497c9291398	5808edca979d	known
2497c9291398	5a55d1641a86	known
2497c9291398	5dbb54e50268	known
2497c9291398	62d959eb4e73	known
2497c9291398	6d0ad177e5ee	known
2497c9291398	6f6f375dca74	known
2497c9291398	77512ee88848	known
2497c9291398	7f47c6e6eeda	known
2497c9291398	80e6c24a2613	known
2497c9291398	8ed814577309	known
2497c9291398	9759fb4af500	known
2497c9291398	9a5cc6a6e3c8	known
2497c9291398	9f3672f6c430	known
2497c9291398	a28e203d65dc	known
2497c9291398	a7d2db45842b	known
2497c9291398	a838f31a7b4f	known
2497c9291398	aa52880fc9e0	known
2497c9291398	afd973e1a915	known
2497c9291398	b55f23a2f470	known
2497c9291398	be4759bc731a	known
2497c9291398	cf5ecb0e9ecc	known
2497c9291398	d252e4d38aa9	known
2497c9291398	df71274e07be	known
2497c9291398	e0920da719d9	known
2497c9291398	e73e096376f0	known
2497c9291398	eeb9a73f4b33	known
25804d565b10	29ee6f7c1197	known
25804d565b10	2fb529601be6	known
25804d565b10	3baeeea281f2	known
25804d565b10	41a210488ac9	known
25804d565b10	423441640591	known
25804d565b10	469763027c57	known
25804d565b10	49fac07a5323	known
25804d565b10	49fc63d034f2	known
25804d565b10	4c179f65aa4b	known
25804d565b10	52e683fb05d3	known
25804d565b10	52f45c5e8e22	known
25804d565b10	5764c730eaee	known
25804d565b10	5808edca979d	known
25804d565b10	5a55d1641a86	known
25804d565b10	5dbb54e50268	known
25804d565b10	6bd82af50a4e	known
25804d565b10	6d0ad177e5ee	known
25804d565b10	6d7ea156bdcc	known
25804d565b10	6f6f375dca74	known
25804d565b10	73851215f718	known
25804d565b10	7602ba885180	known
25804d565b10	77512ee88848	known
25804d565b10	80e6c24a2613	known
25804d565b10	821102adfff8	known
25804d565b10	8ec03171f5df	known
25804d565b10	8ed814577309	known
25804d565b10	964ebce5847f	known
25804d565b10	9759fb4af500	known
25804d565b10	9a5cc6a6e3c8	known
25804d565b10	9f3672f6c430	known
25804d565b10	a28e203d65dc	known
25804d565b10	a7d2db45842b	known
25804d565b10	a838f31a7b4f	known
25804d565b10	aa52880fc9e0	known
25804d565b10	aed220b1ebc4	known
25804d565b10	af54b6f406a6	known
25804d565b10	afd973e1a915	known
25804d565b10	b55f23a2f470	known
25804d565b10	be4759bc731a	known
25804d565b10	cf5ecb0e9ecc	known
25804d565b10	d252e4d38aa9	known
25804d565b10	d2559533f431	known
25804d565b10	df71274e07be	known
25804d565b10	e0920da719d9	known
25804d565b10	e145b859ca30	known
25804d565b10	e2d18fca77cb	known
25804d565b10	e73e096376f0	known
25804d565b10	e948752d6a32	known
25804d565b10	eeb9a73f4b33	known
25804d565b10	eebb02e3baec	known
25804d565b10	f6dbf9989449	known
2641d60c9d5c	c44d48fbd52c	known
28b97fbb68d1	3a55a72f70d6	known
28b97fbb68d1	6597315411ea	known
28b97fbb68d1	67fc5c2184ab	known
28b97fbb68d1	c3afee7ed153	known
28b97fbb68d1	c63a66adbc60	known
28b97fbb68d1	d1489855deef	known
28b97fbb68d1	db110b7302cf	known
29c55ed5fbf6	56126e7237c3	known
29c55ed5fbf6	6dc582bac458	known
29c55ed5fbf6	bd458e7fc19e	known
29c55ed5fbf6	c1080e26f60c	known
29c55ed5fbf6	cf8339eb5ca7	known
29c55ed5fbf6	ebd38bf2c1cd	known
29ee6f7c1197	2ae54d2fd96c	known
29ee6f7c1197	331e3f0f91ee	known
29ee6f7c1197	3b66fbdbdf53	known
29ee6f7c1197	3baeeea281f2	known
29ee6f7c1197	41a210488ac9	known
29ee6f7c1197	49fac07a5323	known
29ee6f7c1197	49fc63d034f2	known
29ee6f7c1197	4c179f65aa4b	known
29ee6f7c1197	52e683fb05d3	known
29ee6f7c1197	53b55626d912	known
29ee6f7c1197	5808edca979d	known
29ee6f7c1197	5a55d1641a86	known
29ee6f7c1197	62d959eb4e73	known
29ee6f7c1197	6d0ad177e5ee	known
29ee6f7c1197	6f6f375dca74	known
29ee6f7c1197	77512ee88848	known
29ee6f7c1197	7f47c6e6eeda	known
29ee6f7c1197	80e6c24a2613	known
29ee6f7c1197	9759fb4af500	known
29ee6f7c1197	9f3672f6c430	known
29ee6f7c1197	a28e203d65dc	known
29ee6f7c1197	a7d2db45842b	known
29ee6f7c1197	a838f31a7b4f	known
29ee6f7c1197	aa52880fc9e0	known
29ee6f7c1197	af54b6f406a6	known
29ee6f7c1197	afd973e1a915	known
29ee6f7c1197	b55f23a2f470	known
29ee6f7c1197	be4759bc731a	known
29ee6f7c1197	cf5ecb0e9ecc	known
29ee6f7c1197	d252e4d38aa9	known
29ee6f7c1197	e0920da719d9	known
29ee6f7c1197	e145b859ca30	known
29ee6f7c1197	e2d18fca77cb	known
29ee6f7c1197	e73e096376f0	known
29ee6f7c1197	eeb9a73f4b33	known
2ae54d2fd96c	331e3f0f91ee	known
2ae54d2fd96c	3b66fbdbdf53	known
2ae54d2fd96c	49fac07a5323	known
2ae54d2fd96c	52e683fb05d3	known
2ae54d2fd96c	53b55626d912	known
2ae54d2fd96c	5808edca979d	known
2ae54d2fd96c	5dbb54e50268	known
2ae54d2fd96c	62d959eb4e73	known
2ae54d2fd96c	6d0ad177e5ee	known
2ae54d2fd96c	7f47c6e6eeda	known
2ae54d2fd96c	8ed814577309	known
2ae54d2fd96c	9a5cc6a6e3c8	known
2ae54d2fd96c	9f3672f6c430	known
2ae54d2fd96c	a7d2db45842b	known
2ae54d2fd96c	af54b6f406a6	known
2ae54d2fd96c	df71274e07be	known
2ae54d2fd96c	e145b859ca30	known
2ae54d2fd96c	e2d18fca77cb	known
2ae54d2fd96c	e73e096376f0	known
2cb6c1139592	3b4f2e286e0c	known
2cb6c1139592	3c791ffa671d	known
2cb6c1139592	41a210488ac9	known
2cb6c1139592	49fc63d034f2	known
2cb6c1139592	5228890279ca	known
2cb6c1139592	52e683fb05d3	known
2cb6c1139592	5a55d1641a86	known
2cb6c1139592	5a7a973564fd	known
2cb6c1139592	6d0ad177e5ee	known
2cb6c1139592	6f6f375dca74	known
2cb6c1139592	73851215f718	known
2cb6c1139592	7602ba885180	known
2cb6c1139592	7c111e182316	known
2cb6c1139592	80e6c24a2613	known
2cb6c1139592	821102adfff8	known
2cb6c1139592	964ebce5847f	known
2cb6c1139592	9759fb4af500	known
2cb6c1139592	9f3672f6c430	known
2cb6c1139592	a7d2db45842b	known
2cb6c1139592	a838f31a7b4f	known
2cb6c1139592	b12d38608f09	known
2cb6c1139592	b2d6bec1e3bd	known
2cb6c1139592	be4759bc731a	known
2cb6c1139592	cae9c3b46793	known
2cb6c1139592	e0920da719d9	known
2cb6c1139592	eeb9a73f4b33	known
2cb6c1139592	f6dbf9989449	known
2fb529601be6	3b4f2e286e0c	known
2fb529601be6	3baeeea281f2	known
2fb529601be6	3c791ffa671d	known
2fb529601be6	41a210488ac9	known
2fb529601be6	423441640591	known
2fb529601be6	469763027c57	known
2fb529601be6	5228890279ca	known
2fb529601be6	52f45c5e8e22	known
2fb529601be6	5764c730eaee	known
2fb529601be6	5a55d1641a86	known
2fb529601be6	5a7a973564fd	known
2fb529601be6	5dbb54e50268	known
2fb529601be6	6bd82af50a4e	known
2fb529601be6	6d0ad177e5ee	known
2fb529601be6	6d7ea156bdcc	known
2fb529601be6	6f6f375dca74	known
2fb529601be6	73851215f718	known
2fb529601be6	7602ba885180	known
2fb529601be6	7c111e182316	known
2fb529601be6	80e6c24a2613	known
2fb529601be6	821102adfff8	known
2fb529601be6	964ebce5847f	known
2fb529601be6	9759fb4af500	known
2fb529601be6	9f3672f6c430	known
2fb529601be6	a28e203d65dc	known
2fb529601be6	a7d2db45842b	known
2fb529601be6	aed220b1ebc4	known
2fb529601be6	af54b6f406a6	known
2fb529601be6	b12d38608f09	known
2fb529601be6	b2d6bec1e3bd	known
2fb529601be6	b55f23a2f470	known
2fb529601be6	be4759bc731a	known
2fb529601be6	cae9c3b46793	known
2fb529601be6	df71274e07be	known
2fb529601be6	e0920da719d9	known
2fb529601be6	e2d18fca77cb	known
2fb529601be6	e948752d6a32	known
2fb529601be6	eeb9a73f4b33	known
2fb529601be6	f6dbf9989449	known
331228e22360	f4c2deec7c96	known
331e3f0f91ee	3b66fbdbdf53	known
331e3f0f91ee	49fac07a5323	known
331e3f0f91ee	53b55626d912	known
331e3f0f91ee	62d959eb4e73	known
331e3f0f91ee	6d0ad177e5ee	known
331e3f0f91ee	7f47c6e6eeda	known
331e3f0f91ee	9f3672f6c430	known
331e3f0f91ee	af54b6f406a6	known
331e3f0f91ee	e145b859ca30	known
331e3f0f91ee	e2d18fca77cb	known
331e3f0f91ee	e73e096376f0	known
3a55a72f70d6	6597315411ea	known
3a55a72f70d6	67fc5c2184ab	known
3a55a72f70d6	c3afee7ed153	known
3a55a72f70d6	c63a66adbc60	known
3a55a72f70d6	d1489855deef	known
3a55a72f70d6	db110b7302cf	known
3b4f2e286e0c	3baeeea281f2	known
3b4f2e286e0c	3c791ffa671d	known
3b4f2e286e0c	41a210488ac9	known
3b4f2e286e0c	469763027c57	known
3b4f2e286e0c	49fac07a5323	known
3b4f2e286e0c	49fc63d034f2	known
3b4f2e286e0c	4c179f65aa4b	known
3b4f2e286e0c	5228890279ca	known
3b4f2e286e0c	52e683fb05d3	known
3b4f2e286e0c	52f45c5e8e22	known
3b4f2e286e0c	5764c730eaee	known
3b4f2e286e0c	5a55d1641a86	known
3b4f2e286e0c	5a7a973564fd	known
3b4f2e286e0c	6bd82af50a4e	known
3b4f2e286e0c	6d0ad177e5ee	known
3b4f2e286e0c	6d7ea156bdcc	known
3b4f2e286e0c	6f6f375dca74	known
3b4f2e286e0c	73851215f718	known
3b4f2e286e0c	7602ba885180	known
3b4f2e286e0c	7c111e182316	known
3b4f2e286e0c	80e6c24a2613	known
3b4f2e286e0c	821102adfff8	known
3b4f2e286e0c	8ec03171f5df	known
3b4f2e286e0c	8ed814577309	known
3b4f2e286e0c	91a0d3cd2c14	known
3b4f2e286e0c	964ebce5847f	known
3b4f2e286e0c	9759fb4af500	known
3b4f2e286e0c	9a5cc6a6e3c8	known
3b4f2e286e0c	9f3672f6c430	known
3b4f2e286e0c	a7d2db45842b	known
3b4f2e286e0c	aa52880fc9e0	known
3b4f2e286e0c	afd973e1a915	known
3b4f2e286e0c	b12d38608f09	known
3b4f2e286e0c	b2d6bec1e3bd	known
3b4f2e286e0c	be4759bc731a	known
3b4f2e286e0c	cae9c3b46793	known
3b4f2e286e0c	cf5ecb0e9ecc	known
3b4f2e286e0c	d252e4d38aa9	known
3b4f2e286e0c	e145b859ca30	known
3b4f2e286e0c	e59a6239aa79	known
3b4f2e286e0c	e94d2b57a7d4	known
3b4f2e286e0c	eeb9a73f4b33	known
3b4f2e286e0c	f6dbf9989449	known
3b66fbdbdf53	49fac07a5323	known
3b66fbdbdf53	53b55626d912	known
3b66fbdbdf53	62d959eb4e73	known
3b66fbdbdf53	6d0ad177e5ee	known
3b66fbdbdf53	7f47c6e6eeda	known
3b66fbdbdf53	9f3672f6c430	known
3b66fbdbdf53	af54b6f406a6	known
3b66fbdbdf53	e145b859ca30	known
3b66fbdbdf53	e2d18fca77cb	known
3b66fbdbdf53	e73e096376f0	known
3baeeea281f2	41a210488ac9	known
3baeeea281f2	423441640591	known
3baeeea281f2	469763027c57	known
3baeeea281f2	49fc63d034f2	known
3baeeea281f2	4c179f65aa4b	known
3baeeea281f2	52f45c5e8e22	known
3baeeea281f2	5764c730eaee	known
3baeeea281f2	5808edca979d	known
3baeeea281f2	5a55d1641a86	known
3baeeea281f2	5dbb54e50268	known
3baeeea281f2	6bd82af50a4e	known
3baeeea281f2	6d7ea156bdcc	known
3baeeea281f2	6f6f375dca74	known
3baeeea281f2	73851215f718	known
3baeeea281f2	7602ba885180	known
3baeeea281f2	77512ee88848	known
3baeeea281f2	821102adfff8	known
3baeeea281f2	964ebce5847f	known
3baeeea281f2	9759fb4af500	known
3baeeea281f2	a28e203d65dc	known
3baeeea281f2	a838f31a7b4f	known
3baeeea281f2	aa52880fc9e0	known
3baeeea281f2	aed220b1ebc4	known
3baeeea281f2	af54b6f406a6	known
3baeeea281f2	afd973e1a915	known
3baeeea281f2	b55f23a2f470	known
3baeeea281f2	be4759bc731a	known
3baeeea281f2	cae9c3b46793	known
3baeeea281f2	cf5ecb0e9ecc	known
3baeeea281f2	d252e4d38aa9	known
3baeeea281f2	d2559533f431	known
3baeeea281f2	df71274e07be	known
3baeeea281f2	e0920da719d9	known
3baeeea281f2	e2d18fca77cb	known
3baeeea281f2	e59a6239aa79	known
3baeeea281f2	e73e096376f0	known
3baeeea281f2	e948752d6a32	known
3baeeea281f2	eeb9a73f4b33	known
3baeeea281f2	eebb02e3baec	known
3baeeea281f2	f6dbf9989449	known
3c791ffa671d	41a210488ac9	known
3c791ffa671d	5228890279ca	known
3c791ffa671d	52e683fb05d3	known
3c791ffa671d	5a55d1641a86	known
3c791ffa671d	5a7a973564fd	known
3c791ffa671d	6d0ad177e5ee	known
3c791ffa671d	6f6f375dca74	known
3c791ffa671d	73851215f718	known
3c791ffa671d	7602ba885180	known
3c791ffa671d	7c111e182316	known
3c791ffa671d	80e6c24a2613	known
3c791ffa671d	821102adfff8	known
3c791ffa671d	964ebce5847f	known
3c791ffa671d	9759fb4af500	known
3c791ffa671d	9f3672f6c430	known
3c791ffa671d	a7d2db45842b	known
3c791ffa671d	b12d38608f09	known
3c791ffa671d	b2d6bec1e3bd	known
3c791ffa671d	be4759bc731a	known
3c791ffa671d	cae9c3b46793	known
3c791ffa671d	eeb9a73f4b33	known
3c791ffa671d	f6dbf9989449	known
41a210488ac9	49fc63d034f2	known
41a210488ac9	4c179f65aa4b	known
41a210488ac9	5228890279ca	known
41a210488ac9	52e683fb05d3	known
41a210488ac9	5808edca979d	known
41a210488ac9	5a55d1641a86	known
41a210488ac9	5a7a973564fd	known
41a210488ac9	6d0ad177e5ee	known
41a210488ac9	6f6f375dca74	known
41a210488ac9	73851215f718	known
41a210488ac9	7602ba885180	known
41a210488ac9	77512ee88848	known
41a210488ac9	7c111e182316	known
41a210488ac9	80e6c24a2613	known
41a210488ac9	821102adfff8	known
41a210488ac9	964ebce5847f	known
41a210488ac9	9759fb4af500	known
41a210488ac9	9f3672f6c430	known
41a210488ac9	a28e203d65dc	known
41a210488ac9	a7d2db45842b	known
41a210488ac9	a838f31a7b4f	known
41a210488ac9	aa52880fc9e0	known
41a210488ac9	afd973e1a915	known
41a210488ac9	b12d38608f09	known
41a210488ac9	b2d6bec1e3bd	known
41a210488ac9	b55f23a2f470	known
41a210488ac9	be4759bc731a	known
41a210488ac9	cae9c3b46793	known
41a210488ac9	cf5ecb0e9ecc	known
41a210488ac9	d252e4d38aa9	known
41a210488ac9	e0920da719d9	known
41a210488ac9	e73e096376f0	known
41a210488ac9	eeb9a73f4b33	known
41a210488ac9	f6dbf9989449	known
423441640591	469763027c57	known
423441640591	52f45c5e8e22	known
423441640591	5764c730eaee	known
423441640591	5dbb54e50268	known
423441640591	6bd82af50a4e	known
423441640591	6d7ea156bdcc	known
423441640591	73851215f718	known
423441640591	7602ba885180	known
423441640591	821102adfff8	known
423441640591	964ebce5847f	known
423441640591	a28e203d65dc	known
423441640591	aed220b1ebc4	known
423441640591	af54b6f406a6	known
423441640591	b55f23a2f470	known
423441640591	d2559533f431	known
423441640591	df71274e07be	known
423441640591	e0920da719d9	known
423441640591	e2d18fca77cb	known
423441640591	e948752d6a32	known
423441640591	eeb9a73f4b33	known
423441640591	eebb02e3baec	known
423441640591	f6dbf9989449	known
469763027c57	4c179f65aa4b	known
469763027c57	5228890279ca	known
469763027c57	52f45c5e8e22	known
469763027c57	5764c730eaee	known
469763027c57	5dbb54e50268	known
469763027c57	6bd82af50a4e	known
469763027c57	6d7ea156bdcc	known
469763027c57	73851215f718	known
469763027c57	7602ba885180	known
469763027c57	821102adfff8	known
469763027c57	964ebce5847f	known
469763027c57	a28e203d65dc	known
469763027c57	aa52880fc9e0	known
469763027c57	aed220b1ebc4	known
469763027c57	af54b6f406a6	known
469763027c57	b55f23a2f470	known
469763027c57	d2559533f431	known
469763027c57	df71274e07be	known
469763027c57	e0920da719d9	known
469763027c57	e2d18fca77cb	known
469763027c57	e59a6239aa79	known
469763027c57	e948752d6a32	known
469763027c57	eeb9a73f4b33	known
469763027c57	eebb02e3baec	known
469763027c57	f6dbf9989449	known
49fac07a5323	49fc63d034f2	known
49fac07a5323	4c179f65aa4b	known
49fac07a5323	5228890279ca	known
49fac07a5323	52f45c5e8e22	known
49fac07a5323	53b55626d912	known
49fac07a5323	5764c730eaee	known
49fac07a5323	5a7a973564fd	known
49fac07a5323	5dbb54e50268	known
49fac07a5323	62d959eb4e73	known
49fac07a5323	6bd82af50a4e	known
49fac07a5323	6d0ad177e5ee	known
49fac07a5323	6d7ea156bdcc	known
49fac07a5323	7f47c6e6eeda	known
49fac07a5323	80e6c24a2613	known
49fac07a5323	8ec03171f5df	known
49fac07a5323	8ed814577309	known
49fac07a5323	91a0d3cd2c14	known
49fac07a5323	9a5cc6a6e3c8	known
49fac07a5323	9f3672f6c430	known
49fac07a5323	aa52880fc9e0	known
49fac07a5323	af54b6f406a6	known
49fac07a5323	afd973e1a915	known
49fac07a5323	b12d38608f09	known
49fac07a5323	d252e4d38aa9	known
49fac07a5323	d2559533f431	known
49fac07a5323	df71274e07be	known
49fac07a5323	e145b859ca30	known
49fac07a5323	e2d18fca77cb	known
49fac07a5323	e59a6239aa79	known
49fac07a5323	e73e096376f0	known
49fac07a5323	e94d2b57a7d4	known
49fac07a5323	eeb9a73f4b33	known
49fc63d034f2	4c179f65aa4b	known
49fc63d034f2	5228890279ca	known
49fc63d034f2	52f45c5e8e22	known
49fc63d034f2	5764c730eaee	known
49fc63d034f2	5808edca979d	known
49fc63d034f2	5a55d1641a86	known
49fc63d034f2	5a7a973564fd	known
49fc63d034f2	6bd82af50a4e	known
49fc63d034f2	6d7ea156bdcc	known
49fc63d034f2	6f6f375dca74	known
49fc63d034f2	77512ee88848	known
49fc63d034f2	80e6c24a2613	known
49fc63d034f2	8ec03171f5df	known
49fc63d034f2	8ed814577309	known
49fc63d034f2	91a0d3cd2c14	known
49fc63d034f2	9759fb4af500	known
49fc63d034f2	9a5cc6a6e3c8	known
49fc63d034f2	a28e203d65dc	known
49fc63d034f2	a838f31a7b4f	known
49fc63d034f2	aa52880fc9e0	known
49fc63d034f2	afd973e1a915	known
49fc63d034f2	b12d38608f09	known
49fc63d034f2	b55f23a2f470	known
49fc63d034f2	be4759bc731a	known
49fc63d034f2	cf5ecb0e9ecc	known
49fc63d034f2	d252e4d38aa9	known
49fc63d034f2	e0920da719d9	known
49fc63d034f2	e145b859ca30	known
49fc63d034f2	e59a6239aa79	known
49fc63d034f2	e73e096376f0	known
49fc63d034f2	e94d2b57a7d4	known
49fc63d034f2	eebb02e3baec	known
4c179f65aa4b	5228890279ca	known
4c179f65aa4b	52f45c5e8e22	known
4c179f65aa4b	5764c730eaee	known
4c179f65aa4b	5808edca979d	known
4c179f65aa4b	5a55d1641a86	known
4c179f65aa4b	5a7a973564fd	known
4c179f65aa4b	6bd82af50a4e	known
4c179f65aa4b	6d7ea156bdcc	known
4c179f65aa4b	6f6f375dca74	known
4c179f65aa4b	7602ba885180	known
4c179f65aa4b	77512ee88848	known
4c179f65aa4b	80e6c24a2613	known
4c179f65aa4b	8ec03171f5df	known
4c179f65aa4b	8ed814577309	known
4c179f65aa4b	91a0d3cd2c14	known
4c179f65aa4b	9759fb4af500	known
4c179f65aa4b	9a5cc6a6e3c8	known
4c179f65aa4b	a28e203d65dc	known
4c179f65aa4b	a838f31a7b4f	known
4c179f65aa4b	aa52880fc9e0	known
4c179f65aa4b	afd973e1a915	known
4c179f65aa4b	b12d38608f09	known
4c179f65aa4b	b55f23a2f470	known
4c179f65aa4b	be4759bc731a	known
4c179f65aa4b	cae9c3b46793	known
4c179f65aa4b	cf5ecb0e9ecc	known
4c179f65aa4b	d252e4d38aa9	known
4c179f65aa4b	e0920da719d9	known
4c179f65aa4b	e145b859ca30	known
4c179f65aa4b	e59a6239aa79	known
4c179f65aa4b	e73e096376f0	known
4c179f65aa4b	e94d2b57a7d4	known
5228890279ca	52e683fb05d3	known
5228890279ca	52f45c5e8e22	known
5228890279ca	5764c730eaee	known
5228890279ca	5a55d1641a86	known
5228890279ca	5a7a973564fd	known
5228890279ca	6bd82af50a4e	known
5228890279ca	6d0ad177e5ee	known
5228890279ca	6d7ea156bdcc	known
5228890279ca	6f6f375dca74	known
5228890279ca	73851215f718	known
5228890279ca	7602ba885180	known
5228890279ca	7c111e182316	known
5228890279ca	80e6c24a2613	known
5228890279ca	821102adfff8	known
5228890279ca	8ec03171f5df	known
5228890279ca	8ed814577309	known
5228890279ca	91a0d3cd2c14	known
5228890279ca	964ebce5847f	known
5228890279ca	9759fb4af500	known
5228890279ca	9a5cc6a6e3c8	known
5228890279ca	9f3672f6c430	known
5228890279ca	a28e203d65dc	known
5228890279ca	a7d2db45842b	known
5228890279ca	aa52880fc9e0	known
5228890279ca	afd973e1a915	known
5228890279ca	b12d38608f09	known
5228890279ca	b2d6bec1e3bd	known
5228890279ca	be4759bc731a	known
5228890279ca	cae9c3b46793	known
5228890279ca	cf5ecb0e9ecc	known
5228890279ca	d252e4d38aa9	known
5228890279ca	e145b859ca30	known
5228890279ca	e59a6239aa79	known
5228890279ca	e94d2b57a7d4	known
5228890279ca	eeb9a73f4b33	known
5228890279ca	f6dbf9989449	known
52e683fb05d3	5808edca979d	known
52e683fb05d3	5a55d1641a86	known
52e683fb05d3	5a7a973564fd	known
52e683fb05d3	5dbb54e50268	known
52e683fb05d3	62d959eb4e73	known
52e683fb05d3	6d0ad177e5ee	known
52e683fb05d3	6f6f375dca74	known
52e683fb05d3	73851215f718	known
52e683fb05d3	7602ba885180	known
52e683fb05d3	77512ee88848	known
52e683fb05d3	7c111e182316	known
52e683fb05d3	7f47c6e6eeda	known
52e683fb05d3	80e6c24a2613	known
52e683fb05d3	8ed814577309	known
52e683fb05d3	964ebce5847f	known
52e683fb05d3	9759fb4af500	known
52e683fb05d3	9a5cc6a6e3c8	known
52e683fb05d3	9f3672f6c430	known
52e683fb05d3	a7d2db45842b	known
52e683fb05d3	afd973e1a915	known
52e683fb05d3	b12d38608f09	known
52e683fb05d3	b2d6bec1e3bd	known
52e683fb05d3	be4759bc731a	known
52e683fb05d3	cae9c3b46793	known
52e683fb05d3	df71274e07be	known
52e683fb05d3	e73e096376f0	known
52e683fb05d3	eeb9a73f4b33	known
52e683fb05d3	f6dbf9989449	known
52f45c5e8e22	5764c730eaee	known
52f45c5e8e22	5a7a973564fd	known
52f45c5e8e22	5dbb54e50268	known
52f45c5e8e22	6bd82af50a4e	known
52f45c5e8e22	6d7ea156bdcc	known
52f45c5e8e22	73851215f718	known
52f45c5e8e22	7602ba885180	known
52f45c5e8e22	80e6c24a2613	known
52f45c5e8e22	821102adfff8	known
52f45c5e8e22	8ec03171f5df	known
52f45c5e8e22	8ed814577309	known
52f45c5e8e22	91a0d3cd2c14	known
52f45c5e8e22	964ebce5847f	known
52f45c5e8e22	9a5cc6a6e3c8	known
52f45c5e8e22	a28e203d65dc	known
52f45c5e8e22	aa52880fc9e0	known
52f45c5e8e22	aed220b1ebc4	known
52f45c5e8e22	af54b6f406a6	known
52f45c5e8e22	afd973e1a915	known
52f45c5e8e22	b12d38608f09	known
52f45c5e8e22	b55f23a2f470	known
52f45c5e8e22	d252e4d38aa9	known
52f45c5e8e22	d2559533f431	known
52f45c5e8e22	df71274e07be	known
52f45c5e8e22	e0920da719d9	known
52f45c5e8e22	e145b859ca30	known
52f45c5e8e22	e2d18fca77cb	known
52f45c5e8e22	e59a6239aa79	known
52f45c5e8e22	e948752d6a32	known
52f45c5e8e22	e94d2b57a7d4	known
52f45c5e8e22	eeb9a73f4b33	known
52f45c5e8e22	eebb02e3baec	known
52f45c5e8e22	f6dbf9989449	known
53b55626d912	62d959eb4e73	known
53b55626d912	6d0ad177e5ee	known
53b55626d912	7f47c6e6eeda	known
53b55626d912	9f3672f6c430	known
53b55626d912	af54b6f406a6	known
53b55626d912	e145b859ca30	known
53b55626d912	e2d18fca77cb	known
53b55626d912	e73e096376f0	known
56126e7237c3	6dc582bac458	known
56126e7237c3	bd458e7fc19e	known
56126e7237c3	c1080e26f60c	known
56126e7237c3	cf8339eb5ca7	known
5764c730eaee	5a7a973564fd	known
5764c730eaee	5dbb54e50268	known
5764c730eaee	6bd82af50a4e	known
5764c730eaee	6d7ea156bdcc	known
5764c730eaee	73851215f718	known
5764c730eaee	7602ba885180	known
5764c730eaee	80e6c24a2613	known
5764c730eaee	821102adfff8	known
5764c730eaee	8ec03171f5df	known
5764c730eaee	8ed814577309	known
5764c730eaee	91a0d3cd2c14	known
5764c730eaee	964ebce5847f	known
5764c730eaee	9a5cc6a6e3c8	known
5764c730eaee	a28e203d65dc	known
5764c730eaee	aa52880fc9e0	known
5764c730eaee	aed220b1ebc4	known
5764c730eaee	af54b6f406a6	known
5764c730eaee	afd973e1a915	known
5764c730eaee	b12d38608f09	known
5764c730eaee	b55f23a2f470	known
5764c730eaee	d252e4d38aa9	known
5764c730eaee	d2559533f431	known
5764c730eaee	df71274e07be	known
5764c730eaee	e0920da719d9	known
5764c730eaee	e145b859ca30	known
5764c730eaee	e2d18fca77cb	known
5764c730eaee	e59a6239aa79	known
5764c730eaee	e948752d6a32	known
5764c730eaee	e94d2b57a7d4	known
5764c730eaee	eeb9a73f4b33	known
5764c730eaee	eebb02e3baec	known
5764c730eaee	f6dbf9989449	known
5808edca979d	5a55d1641a86	known
5808edca979d	5dbb54e50268	known
5808edca979d	62d959eb4e73	known
5808edca979d	6d0ad177e5ee	known
5808edca979d	6f6f375dca74	known
5808edca979d	77512ee88848	known
5808edca979d	7f47c6e6eeda	known
5808edca979d	80e6c24a2613	known
5808edca979d	8ed814577309	known
5808edca979d	9759fb4af500	known
5808edca979d	9a5cc6a6e3c8	known
5808edca979d	9f3672f6c430	known
5808edca979d	a28e203d65dc	known
5808edca979d	a7d2db45842b	known
5808edca979d	a838f31a7b4f	known
5808edca979d	aa52880fc9e0	known
5808edca979d	afd973e1a915	known
5808edca979d	b55f23a2f470	known
5808edca979d	be4759bc731a	known
5808edca979d	cf5ecb0e9ecc	known
5808edca979d	d252e4d38aa9	known
5808edca979d	df71274e07be	known
5808edca979d	e0920da719d9	known
5808edca979d	e73e096376f0	known
5808edca979d	eeb9a73f4b33	known
590fe2cb2c21	6a77e138ea8e	known
5a55d1641a86	5a7a973564fd	known
5a55d1641a86	6d0ad177e5ee	known
5a55d1641a86	6f6f375dca74	known
5a55d1641a86	73851215f718	known
5a55d1641a86	7602ba885180	known
5a55d1641a86	77512ee88848	known
5a55d1641a86	7c111e182316	known
5a55d1641a86	80e6c24a2613	known
5a55d1641a86	964ebce5847f	known
5a55d1641a86	9759fb4af500	known
5a55d1641a86	9f3672f6c430	known
5a55d1641a86	a28e203d65dc	known
5a55d1641a86	a7d2db45842b	known
5a55d1641a86	a838f31a7b4f	known
5a55d1641a86	aa52880fc9e0	known
5a55d1641a86	afd973e1a915	known
5a55d1641a86	b12d38608f09	known
5a55d1641a86	b2d6bec1e3bd	known
5a55d1641a86	b55f23a2f470	known
5a55d1641a86	be4759bc731a	known
5a55d1641a86	cae9c3b46793	known
5a55d1641a86	cf5ecb0e9ecc	known
5a55d1641a86	d252e4d38aa9	known
5a55d1641a86	e0920da719d9	known
5a55d1641a86	e73e096376f0	known
5a55d1641a86	eeb9a73f4b33	known
5a55d1641a86	f6dbf9989449	known
5a7a973564fd	6bd82af50a4e	known
5a7a973564fd	6d0ad177e5ee	known
5a7a973564fd	6d7ea156bdcc	known
5a7a973564fd	6f6f375dca74	known
5a7a973564fd	73851215f718	known
5a7a973564fd	7602ba885180	known
5a7a973564fd	7c111e182316	known
5a7a973564fd	80e6c24a2613	known
5a7a973564fd	821102adfff8	known
5a7a973564fd	8ec03171f5df	known
5a7a973564fd	8ed814577309	known
5a7a973564fd	91a0d3cd2c14	known
5a7a973564fd	964ebce5847f	known
5a7a973564fd	9759fb4af500	known
5a7a973564fd	9a5cc6a6e3c8	known
5a7a973564fd	9f3672f6c430	known
5a7a973564fd	a7d2db45842b	known
5a7a973564fd	aa52880fc9e0	known
5a7a973564fd	afd973e1a915	known
5a7a973564fd	b12d38608f09	known
5a7a973564fd	b2d6bec1e3bd	known
5a7a973564fd	b55f23a2f470	known
5a7a973564fd	be4759bc731a	known
5a7a973564fd	cae9c3b46793	known
5a7a973564fd	d252e4d38aa9	known
5a7a973564fd	e145b859ca30	known
5a7a973564fd	e59a6239aa79	known
5a7a973564fd	e948752d6a32	known
5a7a973564fd	e94d2b57a7d4	known
5a7a973564fd	eeb9a73f4b33	known
5a7a973564fd	f6dbf9989449	known
5ce87c54ecea	c55c2b0fbb0f	known
5dbb54e50268	62d959eb4e73	known
5dbb54e50268	6bd82af50a4e	known
5dbb54e50268	6d7ea156bdcc	known
5dbb54e50268	73851215f718	known
5dbb54e50268	7602ba885180	known
5dbb54e50268	7f47c6e6eeda	known
5dbb54e50268	80e6c24a2613	known
5dbb54e50268	821102adfff8	known
5dbb54e50268	8ec03171f5df	known
5dbb54e50268	8ed814577309	known
5dbb54e50268	964ebce5847f	known
5dbb54e50268	9a5cc6a6e3c8	known
5dbb54e50268	a28e203d65dc	known
5dbb54e50268	a7d2db45842b	known
5dbb54e50268	af54b6f406a6	known
5dbb54e50268	afd973e1a915	known
5dbb54e50268	b55f23a2f470	known
5dbb54e50268	d2559533f431	known
5dbb54e50268	df71274e07be	known
5dbb54e50268	e0920da719d9	known
5dbb54e50268	e145b859ca30	known
5dbb54e50268	e2d18fca77cb	known
5dbb54e50268	e948752d6a32	known
5dbb54e50268	eeb9a73f4b33	known
5dbb54e50268	eebb02e3baec	known
5dbb54e50268	f6dbf9989449	known
62d959eb4e73	6d0ad177e5ee	known
62d959eb4e73	7f47c6e6eeda	known
62d959eb4e73	8ed814577309	known
62d959eb4e73	9a5cc6a6e3c8	known
62d959eb4e73	9f3672f6c430	known
62d959eb4e73	a7d2db45842b	known
62d959eb4e73	af54b6f406a6	known
62d959eb4e73	df71274e07be	known
62d959eb4e73	e145b859ca30	known
62d959eb4e73	e2d18fca77cb	known
62d959eb4e73	e73e096376f0	known
637b5054102a	6f42b3603dac	known
637b5054102a	7f9a93193f10	known
637b5054102a	f8d1e70c6a52	known
63a938be8d73	c394b34cb7cc	known
63a938be8d73	d8c6ba46400e	known
6597315411ea	67fc5c2184ab	known
6597315411ea	c3afee7ed153	known
6597315411ea	c63a66adbc60	known
6597315411ea	d1489855deef	known
6597315411ea	db110b7302cf	known
67fc5c2184ab	c3afee7ed153	known
67fc5c2184ab	c63a66adbc60	known
67fc5c2184ab	d1489855deef	known
67fc5c2184ab	db110b7302cf	known
6bd82af50a4e	6d7ea156bdcc	known
6bd82af50a4e	73851215f718	known
6bd82af50a4e	7602ba885180	known
6bd82af50a4e	80e6c24a2613	known
6bd82af50a4e	821102adfff8	known
6bd82af50a4e	8ec03171f5df	known
6bd82af50a4e	8ed814577309	known
6bd82af50a4e	91a0d3cd2c14	known
6bd82af50a4e	964ebce5847f	known
6bd82af50a4e	9a5cc6a6e3c8	known
6bd82af50a4e	a28e203d65dc	known
6bd82af50a4e	aa52880fc9e0	known
6bd82af50a4e	aed220b1ebc4	known
6bd82af50a4e	af54b6f406a6	known
6bd82af50a4e	afd973e1a915	known
6bd82af50a4e	b12d38608f09	known
6bd82af50a4e	b55f23a2f470	known
6bd82af50a4e	d252e4d38aa9	known
6bd82af50a4e	d2559533f431	known
6bd82af50a4e	df71274e07be	known
6bd82af50a4e	e0920da719d9	known
6bd82af50a4e	e145b859ca30	known
6bd82af50a4e	e2d18fca77cb	known
6bd82af50a4e	e59a6239aa79	known
6bd82af50a4e	e948752d6a32	known
6bd82af50a4e	e94d2b57a7d4	known
6bd82af50a4e	eeb9a73f4b33	known
6bd82af50a4e	eebb02e3baec	known
6bd82af50a4e	f6dbf9989449	known
6d0ad177e5ee	6f6f375dca74	known
6d0ad177e5ee	73851215f718	known
6d0ad177e5ee	7602ba885180	known
6d0ad177e5ee	77512ee88848	known
6d0ad177e5ee	7c111e182316	known
6d0ad177e5ee	7f47c6e6eeda	known
6d0ad177e5ee	80e6c24a2613	known
6d0ad177e5ee	821102adfff8	known
6d0ad177e5ee	964ebce5847f	known
6d0ad177e5ee	9759fb4af500	known
6d0ad177e5ee	9f3672f6c430	known
6d0ad177e5ee	a7d2db45842b	known
6d0ad177e5ee	af54b6f406a6	known
6d0ad177e5ee	afd973e1a915	known
6d0ad177e5ee	b12d38608f09	known
6d0ad177e5ee	b2d6bec1e3bd	known
6d0ad177e5ee	be4759bc731a	known
6d0ad177e5ee	cae9c3b46793	known
6d0ad177e5ee	e145b859ca30	known
6d0ad177e5ee	e2d18fca77cb	known
6d0ad177e5ee	e73e096376f0	known
6d0ad177e5ee	eeb9a73f4b33	known
6d0ad177e5ee	f6dbf9989449	known
6d7ea156bdcc	73851215f718	known
6d7ea156bdcc	7602ba885180	known
6d7ea156bdcc	80e6c24a2613	known
6d7ea156bdcc	821102adfff8	known
6d7ea156bdcc	8ec03171f5df	known
6d7ea156bdcc	8ed814577309	known
6d7ea156bdcc	91a0d3cd2c14	known
6d7ea156bdcc	964ebce5847f	known
6d7ea156bdcc	9a5cc6a6e3c8	known
6d7ea156bdcc	a28e203d65dc	known
6d7ea156bdcc	aa52880fc9e0	known
6d7ea156bdcc	aed220b1ebc4	known
6d7ea156bdcc	af54b6f406a6	known
6d7ea156bdcc	afd973e1a915	known
6d7ea156bdcc	b12d38608f09	known
6d7ea156bdcc	b55f23a2f470	known
6d7ea156bdcc	d252e4d38aa9	known
6d7ea156bdcc	d2559533f431	known
6d7ea156bdcc	df71274e07be	known
6d7ea156bdcc	e0920da719d9	known
6d7ea156bdcc	e145b859ca30	known
6d7ea156bdcc	e2d18fca77cb	known
6d7ea156bdcc	e59a6239aa79	known
6d7ea156bdcc	e948752d6a32	known
6d7ea156bdcc	e94d2b57a7d4	known
6d7ea156bdcc	eeb9a73f4b33	known
6d7ea156bdcc	eebb02e3baec	known
6d7ea156bdcc	f6dbf9989449	known
6dc582bac458	c1080e26f60c	known
6dc582bac458	cf8339eb5ca7	known
6dc582bac458	ebd38bf2c1cd	known
6f42b3603dac	7f9a93193f10	known
6f42b3603dac	f8d1e70c6a52	known
6f6f375dca74	73851215f718	known
6f6f375dca74	7602ba885180	known
6f6f375dca74	77512ee88848	known
6f6f375dca74	7c111e182316	known
6f6f375dca74	80e6c24a2613	known
6f6f375dca74	821102adfff8	known
6f6f375dca74	964ebce5847f	known
6f6f375dca74	9759fb4af500	known
6f6f375dca74	9f3672f6c430	known
6f6f375dca74	a28e203d65dc	known
6f6f375dca74	a7d2db45842b	known
6f6f375dca74	a838f31a7b4f	known
6f6f375dca74	aa52880fc9e0	known
6f6f375dca74	afd973e1a915	known
6f6f375dca74	b12d38608f09	known
6f6f375dca74	b2d6bec1e3bd	known
6f6f375dca74	b55f23a2f470	known
6f6f375dca74	be4759bc731a	known
6f6f375dca74	cae9c3b46793	known
6f6f375dca74	cf5ecb0e9ecc	known
6f6f375dca74	d252e4d38aa9	known
6f6f375dca74	e0920da719d9	known
6f6f375dca74	e73e096376f0	known
6f6f375dca74	eeb9a73f4b33	known
6f6f375dca74	f6dbf9989449	known
73851215f718	7602ba885180	known
73851215f718	7c111e182316	known
73851215f718	80e6c24a2613	known
73851215f718	821102adfff8	known
73851215f718	964ebce5847f	known
73851215f718	9759fb4af500	known
73851215f718	9f3672f6c430	known
73851215f718	a28e203d65dc	known
73851215f718	a7d2db45842b	known
73851215f718	aed220b1ebc4	known
73851215f718	af54b6f406a6	known
73851215f718	b12d38608f09	known
73851215f718	b2d6bec1e3bd	known
73851215f718	b55f23a2f470	known
73851215f718	be4759bc731a	known
73851215f718	cae9c3b46793	known
73851215f718	d2559533f431	known
73851215f718	df71274e07be	known
73851215f718	e0920da719d9	known
73851215f718	e2d18fca77cb	known
73851215f718	e948752d6a32	known
73851215f718	eeb9a73f4b33	known
73851215f718	eebb02e3baec	known
73851215f718	f6dbf9989449	known
756ff2ed09bd	9bd2a50baa0e	known
7602ba885180	7c111e182316	known
7602ba885180	80e6c24a2613	known
7602ba885180	821102adfff8	known
7602ba885180	964ebce5847f	known
7602ba885180	9759fb4af500	known
7602ba885180	9f3672f6c430	known
7602ba885180	a28e203d65dc	known
7602ba885180	a7d2db45842b	known
7602ba885180	aed220b1ebc4	known
7602ba885180	af54b6f406a6	known
7602ba885180	b12d38608f09	known
7602ba885180	b2d6bec1e3bd	known
7602ba885180	b55f23a2f470	known
7602ba885180	be4759bc731a	known
7602ba885180	cae9c3b46793	known
7602ba885180	cf5ecb0e9ecc	known
7602ba885180	d2559533f431	known
7602ba885180	df71274e07be	known
7602ba885180	e0920da719d9	known
7602ba885180	e2d18fca77cb	known
7602ba885180	e59a6239aa79	known
7602ba885180	e948752d6a32	known
7602ba885180	eeb9a73f4b33	known
7602ba885180	eebb02e3baec	known
7602ba885180	f6dbf9989449	known
77512ee88848	80e6c24a2613	known
77512ee88848	9759fb4af500	known
77512ee88848	9f3672f6c430	known
77512ee88848	a28e203d65dc	known
77512ee88848	a7d2db45842b	known
77512ee88848	a838f31a7b4f	known
77512ee88848	aa52880fc9e0	known
77512ee88848	afd973e1a915	known
77512ee88848	b55f23a2f470	known
77512ee88848	be4759bc731a	known
77512ee88848	cf5ecb0e9ecc	known
77512ee88848	d252e4d38aa9	known
77512ee88848	e0920da719d9	known
77512ee88848	e73e096376f0	known
77512ee88848	eeb9a73f4b33	known
7c111e182316	80e6c24a2613	known
7c111e182316	821102adfff8	known
7c111e182316	964ebce5847f	known
7c111e182316	9759fb4af500	known
7c111e182316	9f3672f6c430	known
7c111e182316	a7d2db45842b	known
7c111e182316	b12d38608f09	known
7c111e182316	b2d6bec1e3bd	known
7c111e182316	be4759bc731a	known
7c111e182316	cae9c3b46793	known
7c111e182316	f6dbf9989449	known
7f47c6e6eeda	8ed814577309	known
7f47c6e6eeda	9a5cc6a6e3c8	known
7f47c6e6eeda	9f3672f6c430	known
7f47c6e6eeda	a7d2db45842b	known
7f47c6e6eeda	af54b6f406a6	known
7f47c6e6eeda	df71274e07be	known
7f47c6e6eeda	e145b859ca30	known
7f47c6e6eeda	e2d18fca77cb	known
7f47c6e6eeda	e73e096376f0	known
7f9a93193f10	f8d1e70c6a52	known
80e6c24a2613	821102adfff8	known
80e6c24a2613	8ec03171f5df	known
80e6c24a2613	8ed814577309	known
80e6c24a2613	91a0d3cd2c14	known
80e6c24a2613	964ebce5847f	known
80e6c24a2613	9759fb4af500	known
80e6c24a2613	9a5cc6a6e3c8	known
80e6c24a2613	9f3672f6c430	known
80e6c24a2613	a7d2db45842b	known
80e6c24a2613	aa52880fc9e0	known
80e6c24a2613	af54b6f406a6	known
80e6c24a2613	afd973e1a915	known
80e6c24a2613	b12d38608f09	known
80e6c24a2613	b2d6bec1e3bd	known
80e6c24a2613	be4759bc731a	known
80e6c24a2613	cae9c3b46793	known
80e6c24a2613	d252e4d38aa9	known
80e6c24a2613	d2559533f431	known
80e6c24a2613	df71274e07be	known
80e6c24a2613	e145b859ca30	known
80e6c24a2613	e2d18fca77cb	known
80e6c24a2613	e59a6239aa79	known
80e6c24a2613	e73e096376f0	known
80e6c24a2613	e94d2b57a7d4	known
80e6c24a2613	eeb9a73f4b33	known
80e6c24a2613	f6dbf9989449	known
821102adfff8	964ebce5847f	known
821102adfff8	9f3672f6c430	known
821102adfff8	a28e203d65dc	known
821102adfff8	aed220b1ebc4	known
821102adfff8	af54b6f406a6	known
821102adfff8	b12d38608f09	known
821102adfff8	b2d6bec1e3bd	known
821102adfff8	b55f23a2f470	known
821102adfff8	be4759bc731a	known
821102adfff8	cae9c3b46793	known
821102adfff8	d2559533f431	known
821102adfff8	df71274e07be	known
821102adfff8	e0920da719d9	known
821102adfff8	e2d18fca77cb	known
821102adfff8	e948752d6a32	known
821102adfff8	eeb9a73f4b33	known
821102adfff8	eebb02e3baec	known
821102adfff8	f6dbf9989449	known
8ec03171f5df	8ed814577309	known
8ec03171f5df	91a0d3cd2c14	known
8ec03171f5df	9a5cc6a6e3c8	known
8ec03171f5df	aa52880fc9e0	known
8ec03171f5df	af54b6f406a6	known
8ec03171f5df	afd973e1a915	known
8ec03171f5df	b12d38608f09	known
8ec03171f5df	d252e4d38aa9	known
8ec03171f5df	d2559533f431	known
8ec03171f5df	df71274e07be	known
8ec03171f5df	e145b859ca30	known
8ec03171f5df	e2d18fca77cb	known
8ec03171f5df	e59a6239aa79	known
8ec03171f5df	e94d2b57a7d4	known
8ec03171f5df	eeb9a73f4b33	known
8ed814577309	91a0d3cd2c14	known
8ed814577309	9a5cc6a6e3c8	known
8ed814577309	a7d2db45842b	known
8ed814577309	aa52880fc9e0	known
8ed814577309	af54b6f406a6	known
8ed814577309	afd973e1a915	known
8ed814577309	b12d38608f09	known
8ed814577309	d252e4d38aa9	known
8ed814577309	d2559533f431	known
8ed814577309	df71274e07be	known
8ed814577309	e145b859ca30	known
8ed814577309	e2d18fca77cb	known
8ed814577309	e59a6239aa79	known
8ed814577309	e94d2b57a7d4	known
8ed814577309	eeb9a73f4b33	known
91a0d3cd2c14	9a5cc6a6e3c8	known
91a0d3cd2c14	aa52880fc9e0	known
91a0d3cd2c14	afd973e1a915	known
91a0d3cd2c14	b12d38608f09	known
91a0d3cd2c14	d252e4d38aa9	known
91a0d3cd2c14	e0920da719d9	known
91a0d3cd2c14	e145b859ca30	known
91a0d3cd2c14	e59a6239aa79	known
91a0d3cd2c14	e94d2b57a7d4	known
91a0d3cd2c14	eebb02e3baec	known
964ebce5847f	9759fb4af500	known
964ebce5847f	9f3672f6c430	known
964ebce5847f	a28e203d65dc	known
964ebce5847f	a7d2db45842b	known
964ebce5847f	aed220b1ebc4	known
964ebce5847f	af54b6f406a6	known
964ebce5847f	b12d38608f09	known
964ebce5847f	b55f23a2f470	known
964ebce5847f	be4759bc731a	known
964ebce5847f	cae9c3b46793	known
964ebce5847f	d252e4d38aa9	known
964ebce5847f	d2559533f431	known
964ebce5847f	df71274e07be	known
964ebce5847f	e0920da719d9	known
964ebce5847f	e2d18fca77cb	known
964ebce5847f	e948752d6a32	known
964ebce5847f	e94d2b57a7d4	known
964ebce5847f	eeb9a73f4b33	known
964ebce5847f	eebb02e3baec	known
964ebce5847f	f6dbf9989449	known
9759fb4af500	9f3672f6c430	known
9759fb4af500	a28e203d65dc	known
9759fb4af500	a7d2db45842b	known
9759fb4af500	a838f31a7b4f	known
9759fb4af500	aa52880fc9e0	known
9759fb4af500	afd973e1a915	known
9759fb4af500	b12d38608f09	known
9759fb4af500	b2d6bec1e3bd	known
9759fb4af500	b55f23a2f470	known
9759fb4af500	be4759bc731a	known
9759fb4af500	cae9c3b46793	known
9759fb4af500	cf5ecb0e9ecc	known
9759fb4af500	d252e4d38aa9	known
9759fb4af500	e0920da719d9	known
9759fb4af500	e73e096376f0	known
9759fb4af500	eeb9a73f4b33	known
9759fb4af500	f6dbf9989449	known
9a5cc6a6e3c8	a7d2db45842b	known
9a5cc6a6e3c8	aa52880fc9e0	known
9a5cc6a6e3c8	af54b6f406a6	known
9a5cc6a6e3c8	afd973e1a915	known
9a5cc6a6e3c8	b12d38608f09	known
9a5cc6a6e3c8	d252e4d38aa9	known
9a5cc6a6e3c8	d2559533f431	known
9a5cc6a6e3c8	df71274e07be	known
9a5cc6a6e3c8	e145b859ca30	known
9a5cc6a6e3c8	e2d18fca77cb	known
9a5cc6a6e3c8	e59a6239aa79	known
9a5cc6a6e3c8	e94d2b57a7d4	known
9a5cc6a6e3c8	eeb9a73f4b33	known
9f3672f6c430	a7d2db45842b	known
9f3672f6c430	af54b6f406a6	known
9f3672f6c430	afd973e1a915	known
9f3672f6c430	b12d38608f09	known
9f3672f6c430	b2d6bec1e3bd	known
9f3672f6c430	be4759bc731a	known
9f3672f6c430	cae9c3b46793	known
9f3672f6c430	e145b859ca30	known
9f3672f6c430	e2d18fca77cb	known
9f3672f6c430	e73e096376f0	known
9f3672f6c430	eeb9a73f4b33	known
9f3672f6c430	f6dbf9989449	known
a00b3e52965d	c55c2b0fbb0f	known
a28e203d65dc	a838f31a7b4f	known
a28e203d65dc	aa52880fc9e0	known
a28e203d65dc	aed220b1ebc4	known
a28e203d65dc	af54b6f406a6	known
a28e203d65dc	afd973e1a915	known
a28e203d65dc	b55f23a2f470	known
a28e203d65dc	be4759bc731a	known
a28e203d65dc	cae9c3b46793	known
a28e203d65dc	cf5ecb0e9ecc	known
a28e203d65dc	d252e4d38aa9	known
a28e203d65dc	d2559533f431	known
a28e203d65dc	df71274e07be	known
a28e203d65dc	e0920da719d9	known
a28e203d65dc	e2d18fca77cb	known
a28e203d65dc	e59a6239aa79	known
a28e203d65dc	e73e096376f0	known
a28e203d65dc	e948752d6a32	known
a28e203d65dc	eeb9a73f4b33	known
a28e203d65dc	eebb02e3baec	known
a28e203d65dc	f6dbf9989449	known
a7d2db45842b	afd973e1a915	known
a7d2db45842b	b12d38608f09	known
a7d2db45842b	b2d6bec1e3bd	known
a7d2db45842b	be4759bc731a	known
a7d2db45842b	cae9c3b46793	known
a7d2db45842b	df71274e07be	known
a7d2db45842b	e73e096376f0	known
a7d2db45842b	eeb9a73f4b33	known
a7d2db45842b	f6dbf9989449	known
a838f31a7b4f	aa52880fc9e0	known
a838f31a7b4f	afd973e1a915	known
a838f31a7b4f	b12d38608f09	known
a838f31a7b4f	b55f23a2f470	known
a838f31a7b4f	be4759bc731a	known
a838f31a7b4f	cf5ecb0e9ecc	known
a838f31a7b4f	d252e4d38aa9	known
a838f31a7b4f	e0920da719d9	known
a838f31a7b4f	e73e096376f0	known
aa52880fc9e0	afd973e1a915	known
aa52880fc9e0	b12d38608f09	known
aa52880fc9e0	b55f23a2f470	known
aa52880fc9e0	be4759bc731a	known
aa52880fc9e0	cae9c3b46793	known
aa52880fc9e0	cf5ecb0e9ecc	known
aa52880fc9e0	d252e4d38aa9	known
aa52880fc9e0	e0920da719d9	known
aa52880fc9e0	e145b859ca30	known
aa52880fc9e0	e59a6239aa79	known
aa52880fc9e0	e73e096376f0	known
aa52880fc9e0	e94d2b57a7d4	known
aa52880fc9e0	f6dbf9989449	known
aed220b1ebc4	af54b6f406a6	known
aed220b1ebc4	b55f23a2f470	known
aed220b1ebc4	d2559533f431	known
aed220b1ebc4	df71274e07be	known
aed220b1ebc4	e0920da719d9	known
aed220b1ebc4	e2d18fca77cb	known
aed220b1ebc4	e948752d6a32	known
aed220b1ebc4	eebb02e3baec	known
aed220b1ebc4	f6dbf9989449	known
af54b6f406a6	afd973e1a915	known
af54b6f406a6	b55f23a2f470	known
af54b6f406a6	d2559533f431	known
af54b6f406a6	df71274e07be	known
af54b6f406a6	e0920da719d9	known
af54b6f406a6	e145b859ca30	known
af54b6f406a6	e2d18fca77cb	known
af54b6f406a6	e73e096376f0	known
af54b6f406a6	e948752d6a32	known
af54b6f406a6	eeb9a73f4b33	known
af54b6f406a6	eebb02e3baec	known
af54b6f406a6	f6dbf9989449	known
afd973e1a915	b12d38608f09	known
afd973e1a915	b55f23a2f470	known
afd973e1a915	be4759bc731a	known
afd973e1a915	cf5ecb0e9ecc	known
afd973e1a915	d252e4d38aa9	known
afd973e1a915	d2559533f431	known
afd973e1a915	df71274e07be	known
afd973e1a915	e0920da719d9	known
afd973e1a915	e145b859ca30	known
afd973e1a915	e2d18fca77cb	known
afd973e1a915	e59a6239aa79	known
afd973e1a915	e73e096376f0	known
afd973e1a915	e94d2b57a7d4	known
afd973e1a915	eeb9a73f4b33	known
b12d38608f09	b2d6bec1e3bd	known
b12d38608f09	be4759bc731a	known
b12d38608f09	cae9c3b46793	known
b12d38608f09	d252e4d38aa9	known
b12d38608f09	e0920da719d9	known
b12d38608f09	e145b859ca30	known
b12d38608f09	e59a6239aa79	known
b12d38608f09	e94d2b57a7d4	known
b12d38608f09	eeb9a73f4b33	known
b12d38608f09	eebb02e3baec	known
b12d38608f09	f6dbf9989449	known
b2d6bec1e3bd	be4759bc731a	known
b2d6bec1e3bd	cae9c3b46793	known
b2d6bec1e3bd	f6dbf9989449	known
b55f23a2f470	be4759bc731a	known
b55f23a2f470	cf5ecb0e9ecc	known
b55f23a2f470	d252e4d38aa9	known
b55f23a2f470	d2559533f431	known
b55f23a2f470	df71274e07be	known
b55f23a2f470	e0920da719d9	known
b55f23a2f470	e2d18fca77cb	known
b55f23a2f470	e73e096376f0	known
b55f23a2f470	e948752d6a32	known
b55f23a2f470	e94d2b57a7d4	known
b55f23a2f470	eeb9a73f4b33	known
b55f23a2f470	eebb02e3baec	known
b55f23a2f470	f6dbf9989449	known
bd458e7fc19e	c1080e26f60c	known
bd458e7fc19e	cf8339eb5ca7	known
bd458e7fc19e	ebd38bf2c1cd	known
be4759bc731a	cae9c3b46793	known
be4759bc731a	cf5ecb0e9ecc	known
be4759bc731a	d252e4d38aa9	known
be4759bc731a	e0920da719d9	known
be4759bc731a	e73e096376f0	known
be4759bc731a	eeb9a73f4b33	known
be4759bc731a	f6dbf9989449	known
c1080e26f60c	cf8339eb5ca7	known
c1080e26f60c	ebd38bf2c1cd	known
c394b34cb7cc	d8c6ba46400e	known
c3afee7ed153	c63a66adbc60	known
c3afee7ed153	d1489855deef	known
c3afee7ed153	db110b7302cf	known
c63a66adbc60	d1489855deef	known
c63a66adbc60	db110b7302cf	known
cae9c3b46793	cf5ecb0e9ecc	known
cae9c3b46793	eeb9a73f4b33	known
cae9c3b46793	f6dbf9989449	known
cf5ecb0e9ecc	d252e4d38aa9	known
cf5ecb0e9ecc	e0920da719d9	known
cf5ecb0e9ecc	e73e096376f0	known
cf5ecb0e9ecc	f6dbf9989449	known
cf8339eb5ca7	ebd38bf2c1cd	known
d1489855deef	db110b7302cf	known
d252e4d38aa9	e0920da719d9	known
d252e4d38aa9	e145b859ca30	known
d252e4d38aa9	e59a6239aa79	known
d252e4d38aa9	e73e096376f0	known
d252e4d38aa9	e948752d6a32	known
d252e4d38aa9	e94d2b57a7d4	known
d2559533f431	df71274e07be	known
d2559533f431	e0920da719d9	known
d2559533f431	e145b859ca30	known
d2559533f431	e2d18fca77cb	known
d2559533f431	e948752d6a32	known
d2559533f431	eeb9a73f4b33	known
d2559533f431	eebb02e3baec	known
d2559533f431	f6dbf9989449	known
df71274e07be	e0920da719d9	known
df71274e07be	e145b859ca30	known
df71274e07be	e2d18fca77cb	known
df71274e07be	e948752d6a32	known
df71274e07be	eeb9a73f4b33	known
df71274e07be	eebb02e3baec	known
df71274e07be	f6dbf9989449	known
e0920da719d9	e2d18fca77cb	known
e0920da719d9	e73e096376f0	known
e0920da719d9	e948752d6a32	known
e0920da719d9	eeb9a73f4b33	known
e0920da719d9	eebb02e3baec	known
e0920da719d9	f6dbf9989449	known
e145b859ca30	e2d18fca77cb	known
e145b859ca30	e59a6239aa79	known
e145b859ca30	e73e096376f0	known
e145b859ca30	e94d2b57a7d4	known
e145b859ca30	eeb9a73f4b33	known
e2d18fca77cb	e73e096376f0	known
e2d18fca77cb	e948752d6a32	known
e2d18fca77cb	eeb9a73f4b33	known
e2d18fca77cb	eebb02e3baec	known
e2d18fca77cb	f6dbf9989449	known
e59a6239aa79	e94d2b57a7d4	known
e59a6239aa79	f6dbf9989449	known
e73e096376f0	eeb9a73f4b33	known
e948752d6a32	e94d2b57a7d4	known
e948752d6a32	eeb9a73f4b33	known
e948752d6a32	eebb02e3baec	known
e948752d6a32	f6dbf9989449	known
eeb9a73f4b33	eebb02e3baec	known
eeb9a73f4b33	f6dbf9989449	known
eebb02e3baec	f6dbf9989449	known
