canon_sha256	class_file
025c4805fc39d713ecf49187f7f1b96e11ecd057bc81086d02d66c5d2a7c1b98	5906.lswap-025c4805fc39.txt
031568aa1b5cc0a64d0560de6e96bff246041cf1270c74260fdd0385cec0195b	5906.lswap-031568aa1b5c.txt
06f4ba2c81227859f5e8a30d4cc774d9681525d87e9143a662286bae812dfca8	5906.lswap-06f4ba2c8122.txt
09c105553d61d9b0e4952f13a85c48280531d853549a244b2b028a46abe56888	5906.lswap-09c105553d61.txt
0d13fc4a8a4a0e5bf5cb810fbb1e295b4bb8ad170b4056f71380c202795c15ca	5906.lswap-0d13fc4a8a4a.txt
0de54c0a7bb61b03a69e27f1e28ba461ca329b80e3141257289a178dd82e27f0	5906.lswap-0de54c0a7bb6.txt
1e70957354f13e900455fd618cc7dd033df914a11a271cc8cf646300152f92f2	5906.lswap-1e70957354f1.txt
1f8e06e3e6162c3601cd1e73e1e5f6b5e206857b6d2347af24a168e3e2ab02d2	5906.lswap-1f8e06e3e616.txt
20db05a5b51e224013c7de3ccd945644f2ff249a7035711281dfdaea412b03c8	5906.lswap-20db05a5b51e.txt
25cebe1ff65882af7aefd0831e5321fab4bf9c193800bfb067d3284f220aa4dc	5906.lswap-25cebe1ff658.txt
28b97fbb68d10cb93ef1e00d0bac1da0426c61bc4110042ae5d27fc428b7b477	5906.lswap-28b97fbb68d1.txt
2c94cb485ad7d96d8590ed8acf64a4a6dacf2cade6866d296f7148e62224c991	5906.lswap-2c94cb485ad7.txt
2fb529601be601b430145f98bae55b5c37635539bae13371adb27e3d384755bd	5906.lswap-2fb529601be6.txt
3a55a72f70d686c718b707341f39292f2f5347ee39a6c9397d4e0eb266a1052d	5906.lswap-3a55a72f70d6.txt
3b66fbdbdf539d3b3f386789ee2ab5ef4c57bdd24cedb6d7376c5bfa66a51a3b	5906.lswap-3b66fbdbdf53.txt
3c791ffa671d9ed396f4efbe6d1a07786e2284e961eef73975dd8dad14044915	5906.lswap-3c791ffa671d.txt
41a210488ac92815fdaa77d8dc8a9cdf67e67c3730fdb12ec8c03c4e158949e5	5906.lswap-41a210488ac9.txt
4234416405913c8f1779672c21ab4b3b7784a7618fe9238a86dac7997b37b8bc	5906.lswap-423441640591.txt
469763027c571d9493b3669eebba7946f674059665812485cbd3aa5cca362c76	5906.lswap-469763027c57.txt
49fc63d034f236b00ee84c3fcc2fa34dad069152850dc6cab5e5d8eb08d9e9bf	5906.lswap-49fc63d034f2.txt
4a581202d46c17cd711d1d087c289740a9e7ec43261573023f0b02479c522f34	5906.lswap-4a581202d46c.txt
52e683fb05d362696e8e49681f106f6fb9c1f5f7adcb675ad15eed77909c79e3	5906.lswap-52e683fb05d3.txt
52f45c5e8e22a46fe194dff016aa01e90f642d02584ac8098db4fc5e2d036cc7	5906.lswap-52f45c5e8e22.txt
5808edca979d139e8912b213e55c1078c43a9317966a8f168e5b63fa32fad7e3	5906.lswap-5808edca979d.txt
62d959eb4e73e8d4ef9cabf9c1d16330c153e9f777f0a5f9ebb7d822ce5aa197	5906.lswap-62d959eb4e73.txt
637b5054102ad26e0d6943d3f8fb6ae27322b9474b1471b422941d91a6b61c53	5906.lswap-637b5054102a.txt
67fc5c2184ab1bd979e3c962810b2ac87f78c180563dd818401548d57918133f	5906.lswap-67fc5c2184ab.txt
68a263f1806654d683e45a03691aa88a46074a1089c2004c4a61d736fb87e0b9	5906.lswap-68a263f18066.txt
6bd82af50a4e30873ed5ac1a19f9bdc981bdc746ebc6063dc47f0fa99b0fb7ae	5906.lswap-6bd82af50a4e.txt
6d7ea156bdccdd2f8f1943bf93fe003242868d3d53778fb47b68d393de7d1f12	5906.lswap-6d7ea156bdcc.txt
6dc582bac4589d0e9dae06e09154503771349a6f3b3a6a57661086879ef16316	5906.lswap-6dc582bac458.txt
760f8ed536703536a894c58e07702e791f8da4902863a55216db1bc3cd8922bc	5906.lswap-760f8ed53670.txt
7bd46049981f956830713d1a970ad83ea6b733cd3c05a24d2ad7b58f1e25dedf	5906.lswap-7bd46049981f.txt
945cf8ae5bef9c08f8d6946d442d3c2c59a5c416d6046d6dd99e883eed6c9aa6	5906.lswap-945cf8ae5bef.txt
964ebce5847f3af2a325b0d0f3db58eaee40537fc6fede0553b16a5cf0e8c926	5906.lswap-964ebce5847f.txt
9759fb4af5006658408fd9bac584886dcf4bed18131de02c76de5681deb2e52b	5906.lswap-9759fb4af500.txt
9bd2a50baa0ed8dcac25c6d06b1533e490ce9265cc6d2ffa997eee3fa5ca49e7	5906.lswap-9bd2a50baa0e.txt
9bf7e32c647210c3ffc34ff5d29fcd696a14fe3b8b70ae56aa23e803f699d99c	5906.lswap-9bf7e32c6472.txt
9edd04d136269531078b405344630de58a5b59173b633125a63989428ba26cb8	5906.lswap-9edd04d13626.txt
9f885c2a5e207c46d5c79dfcc29d1b14a95eedb9684d118a60df7cfa2a9d13f9	5906.lswap-9f885c2a5e20.txt
aea48ef05d9efa1d9efe082b22ade0cf0a959f573365448bce6e73a6a2c5b9f1	5906.lswap-aea48ef05d9e.txt
afd973e1a9157d909fe41a204a30e65704b95a103a16e03994644251a01995e7	5906.lswap-afd973e1a915.txt
be4759bc731af1aa69d541a5a7876b11b621b7032ab814bb08e04505cf15364a	5906.lswap-be4759bc731a.txt
c394b34cb7ccddf7ba0ef4fb16be83a2403dfc00bb32ba3437b0a553d3a4b2ba	5906.lswap-c394b34cb7cc.txt
c55c2b0fbb0fdcc84be1c814e5040506f0f4cac3ecfc23f23d3cdcc9776dfdc4	5906.lswap-c55c2b0fbb0f.txt
cae9c3b467932b135e01fffb390eb7e87b7e39f65448ed0c6b48395fff22fef2	5906.lswap-cae9c3b46793.txt
cf5ecb0e9ecce000650f5170ad28ffe8d48007f7d3a5b63dcd091ede190cc4fa	5906.lswap-cf5ecb0e9ecc.txt
cf8339eb5ca7de8c579f937e69d62205d22da8b4f3be7592938307f3a5167282	5906.lswap-cf8339eb5ca7.txt
d252e4d38aa9e020c0e98ee4fd501e90e9b428d370de5197733fc94187ac46d9	5906.lswap-d252e4d38aa9.txt
d515e64b87be9ea1a0074e670d41123e6d21f57e212e2e43fc49b37e92f18074	5906.lswap-d515e64b87be.txt
dcc866de4e11f4ed83fb1109b091143ad16e649abff9cd98c55d379d7fc3d611	5906.lswap-dcc866de4e11.txt
e145b859ca303c750e3accb5864c897dac94a67ea003815b0466067d34424652	5906.lswap-e145b859ca30.txt
e21e24656b8ed158dd7a18c80c0a365da6f0a3fbd38b7bac6f9d058b879e59a0	5906.lswap-e21e24656b8e.txt
e2d18fca77cbbfc664de68d88e840d86f513d09a250de8cec9a6f6b77c7f6618	5906.lswap-e2d18fca77cb.txt
e59a6239aa79f6ee31476698a805b90760a55ca87da0e94fdce3fd17ca4c6165	5906.lswap-e59a6239aa79.txt
ebd38bf2c1cd205fccda16efea4b478dc99a16143aa71f9a4c1d0b26d19d82d3	5906.lswap-ebd38bf2c1cd.txt
eeb9a73f4b33d905c2ce742a4a24a77d02ca8712c69e6282909222bf1d25f77c	5906.lswap-eeb9a73f4b33.txt
f4c2deec7c96263fb36d84327c88ed3904fef3b0b5873f58f540b162fce4e8ca	5906.lswap-f4c2deec7c96.txt
f8f86258580e7cd7b5a30be4492ce2d0452a24b7bb458c6408a73e8e6ed6a720	5906.lswap-f8f86258580e.txt
fde8e0f0f322bc22fa828f8f6d70c7eb540b69ba94d68145a4d0dd35871d0918	5906.lswap-fde8e0f0f322.txt
10f62906b166f15d11094c68f13229bc7f0346a2ab2064a817d95fc9584d7a29	5906.lswap-10f62906b166.txt
17203113788c92138aa5cfa93e3bce8984f11c3943e0f0a4314c6b7e63f19153	5906.lswap-17203113788c.txt
17946ea8ba63c0116f4ae69901296dc8dcc324840e6f1484b3f57009d1eb694a	5906.lswap-17946ea8ba63.txt
23548cda0aceb90583cdf1cba18e47fc6d5c233f1bc2c9cfc5adf9fc4fca99ed	5906.lswap-23548cda0ace.txt
2497c92913987814960414c736d15669905ebba71d516dc76630e23868936a6e	5906.lswap-2497c9291398.txt
25804d565b10e90424ce40655170253f8127f6a0a91c163ea59472cc780e7ac3	5906.lswap-25804d565b10.txt
29ee6f7c1197ab3b46d14c33d19e875aba15769a8cb0947ecef8cac74e7f7e16	5906.lswap-29ee6f7c1197.txt
2ae54d2fd96c9eb88858338a4a587cd8227430785ed706c33214e3b657a86601	5906.lswap-2ae54d2fd96c.txt
3d82ae1f21114d859de50716dc5de30daa4ec4a904e398eeb8c41a932f0b5a3e	5906.lswap-3d82ae1f2111.txt
49fac07a5323e9638a3d485e627a745e628b4524a2178066f25fef4af0ea52f6	5906.lswap-49fac07a5323.txt
4c179f65aa4bf1b898458df8013024fb513585501a656dc6046f987d5c340b00	5906.lswap-4c179f65aa4b.txt
5764c730eaeec50474b13e9ab208e2004cb8fd5f48398205922358791db5a2d9	5906.lswap-5764c730eaee.txt
5a55d1641a866eb15c1007449fc51fa6dc45e655e15642a8ad4374ec7ded4491	5906.lswap-5a55d1641a86.txt
5a7a973564fd54f923275b722c3de43c902e2611b44398776702f33d2f3d6fb1	5906.lswap-5a7a973564fd.txt
5dbb54e5026884e3a8858e795f8297f0775887bd8b04683f1cb9331175e3adfd	5906.lswap-5dbb54e50268.txt
6008b60b1c2ca9601e30e91e828b76fc83133b16b619aacacca39e2451131789	5906.lswap-6008b60b1c2c.txt
6f6f375dca748f446c67c8bff1da79bf047c64d24fe32ab484177e9107c327b3	5906.lswap-6f6f375dca74.txt
7217a0cd37743cbddb5a78d3fd90d766a0fbd54de0986b08be5fd07d61ade658	5906.lswap-7217a0cd3774.txt
73851215f718d00a7203844ea3e7fafa85503a3331454dbe259488e59ae4b2a1	5906.lswap-73851215f718.txt
7602ba885180e0e1942ae5b4b08e2ed7494fbf3aed2c7656d58438af5e41addb	5906.lswap-7602ba885180.txt
7f47c6e6eeda0d5bdbf144828a75861f1d604bba3b40ef93d597d0fcbfede3ed	5906.lswap-7f47c6e6eeda.txt
80e6c24a261320b23e1b39722a4f50be7df0d6f85ebff8018a3b9b9d46151d6f	5906.lswap-80e6c24a2613.txt
821102adfff89f8903c543824c4bae44a95cd21187f296c40fc06191682a1988	5906.lswap-821102adfff8.txt
8f58c699a11d82c788d201faa275fcd59dda48e0da85a0b77b59cef74eeaeb7b	5906.lswap-8f58c699a11d.txt
9a5cc6a6e3c884d4083e11b67da7fa96adb770683d87307ae3babf1602057462	5906.lswap-9a5cc6a6e3c8.txt
9f3672f6c4303bc8b1ae8fbb8babe952d7440ac4b8b4a022f6c82c84d3181d03	5906.lswap-9f3672f6c430.txt
a7d2db45842ba6d918b7b4d8a10aa37a12cd57cfee419289aa724e92e3322dfe	5906.lswap-a7d2db45842b.txt
aa52880fc9e0c08ee782120a598201902b07340cd734bfad1fce6d126e3b4c30	5906.lswap-aa52880fc9e0.txt
af54b6f406a642dd20e18981ebe360b00af90c6b19e526993296174b65a4ea6c	5906.lswap-af54b6f406a6.txt
b12d38608f0973e9f0e88790f4043b96b0e1e7984408595c6b5cc5f61c8fcf84	5906.lswap-b12d38608f09.txt
b55f23a2f470c2c1ced45f400df5ebe4f6420c3e884361a568fb4d2e03bb571e	5906.lswap-b55f23a2f470.txt
db110b7302cf95e197353f56a1f42c81229f64304182f4f776d7d58de42a52fc	5906.lswap-db110b7302cf.txt
e0920da719d90d8aa36d20d5513c22d66d7956ce077946fc7ac62f3fd05f1a08	5906.lswap-e0920da719d9.txt
f6dbf9989449a269e008e5ddd479ff8a2a6eb41c953b27ab48541dc699ef3313	5906.lswap-f6dbf9989449.txt
3b4f2e286e0c8678a876528be28f0f25212827a7bdb7782e3dabe15ac80ea620	5906.lswap-3b4f2e286e0c.txt
3baeeea281f217f235df35e33990dd133e0f18684e9ecc13c400c4f93b4ca68c	5906.lswap-3baeeea281f2.txt
5228890279ca017bce458379477caa9bf7c32e34765af5300b086454976020c6	5906.lswap-5228890279ca.txt
6d0ad177e5ee798b5ddd32f5dc94cc9d87bc6767aeb9394f5ccea60473f67d11	5906.lswap-6d0ad177e5ee.txt
8ed814577309972f7ec813d31df1b0ee3190e864821ec3f5a0c4141522b28c01	5906.lswap-8ed814577309.txt
a28e203d65dc4a14c42f8f8e6b8664386229ef16ec3b46c202d41cf0bfb03935	5906.lswap-a28e203d65dc.txt
df71274e07be247a3c9ca76081f355c0f00f65475d04aed21ceff0a6f9a31cee	5906.lswap-df71274e07be.txt
e73e096376f01c691739788429db5aec6ea50688b175986aed46b85fff3bdf0a	5906.lswap-e73e096376f0.txt
